Restaurant_id,name,urls,ratings,price for one,cuisine
R0,Le Arabia Restaurant,https://www.zomato.com/bangalore/le-arabia-restaurant-vijay-nagar-bangalore/order,3.5,250,"Arabian, Biryani, North Indian, Chinese, Fast Food, Sichuan"
R1,Hotel Revoli Inn,https://www.zomato.com/bangalore/hotel-revoli-inn-shanti-nagar-bangalore/order,3.9,250,"Chinese, North Indian, Mughlai"
R2,Bakingo,https://www.zomato.com/bangalore/bakingo-vasanth-nagar-bangalore/order,4.2,250,"Bakery, Desserts"
R3,Truffles,https://www.zomato.com/bangalore/truffles-2-st-marks-road/order,4.3,250,"Burger, American, Bakery, Italian, Oriental, Continental, Beverages, Desserts"
R4,McDonald's,https://www.zomato.com/bangalore/mcdonalds-mg-road/order,3.9,250,"Burger, Fast Food"
R5,Falahaar & Kota Kachori,https://www.zomato.com/bangalore/falahaar-kota-kachori-koramangala-7th-block-bangalore/order,3.9,250,"North Indian, Rajasthani, Fast Food, Mithai, Beverages, Desserts"
R6,Salt - Indian Restaurant Bar & Grill,https://www.zomato.com/bangalore/salt-indian-restaurant-bar-grill-lavelle-road-bangalore/order,4.1,250,"North Indian, BBQ, Biryani, Mughlai, Seafood, Beverages, Desserts"
R7,Sultan - Palace Darbar Restaurant,https://www.zomato.com/bangalore/sultan-palace-darbar-restaurant-nagawara-bangalore/order,3.4,250,"North Indian, Chinese, Arabian, Mughlai"
R8,Domino's Pizza,https://www.zomato.com/bangalore/dominos-pizza-shanti-nagar/order,3.9,250,"Pizza, Italian, Pasta, Fast Food, Desserts"
R9,Pizza Hut,https://www.zomato.com/bangalore/pizza-hut-shanti-nagar/order,3.8,200,"Pizza, Fast Food, Desserts, Beverages"
R10,KFC,https://www.zomato.com/bangalore/kfc-brigade-road-bangalore/order,3.7,200,"Burger, Fast Food, Biryani, Desserts, Beverages"
R11,Empire Restaurant,https://www.zomato.com/bangalore/empire-restaurant-shivajinagar-bangalore/order,4.1,200,"North Indian, Biryani, Kebab, Chinese, South Indian, Mughlai, Beverages"
R12,Burger King,https://www.zomato.com/bangalore/burger-king-commercial-street/order,4,200,"Burger, Fast Food, Desserts, Beverages"
R13,Meghana Foods,https://www.zomato.com/bangalore/meghana-foods-residency-road/order,4.3,200,"Biryani, Andhra, North Indian, Seafood"
R14,Five Star Chicken,https://www.zomato.com/bangalore/five-star-chicken-shivajinagar-bangalore/order,3.9,200,"Fast Food, Rolls, Burger"
R15,Kanti Sweets,https://www.zomato.com/bangalore/kanti-sweets-brigade-road/order,4.5,200,"Mithai, Desserts, Street Food"
R16,Leon's Burgers & Wings,https://www.zomato.com/bangalore/leons-burgers-wings-frazer-town-bangalore/order,4.2,200,"Burger, Fast Food, Wraps, Street Food, Beverages"
R17,Onesta,https://www.zomato.com/bangalore/onesta-malleshwaram-bangalore/order,4,200,"Pizza, Pasta, Sandwich, Fast Food, Desserts, Beverages"
R18,Polar Bear,https://www.zomato.com/bangalore/polar-bear-1-basavanagudi/order,4.4,200,"Ice Cream, Beverages, Shake"
R19,Hari Super Sandwich,https://www.zomato.com/bangalore/hari-super-sandwich-brigade-road-bangalore/order,3.7,200,"Fast Food, Sandwich, Street Food"
R20,Al-Bek,https://www.zomato.com/bangalore/al-bek-malleshwaram/order,4.1,200,"Mughlai, Arabian, North Indian, Chinese, Seafood"
R21,La Pino'z Pizza,https://www.zomato.com/bangalore/la-pinoz-pizza-basavanagudi-bangalore/order,3.8,200,"Pizza, Italian"
R22,A2B - Adyar Ananda Bhavan,https://www.zomato.com/bangalore/a2b-adyar-ananda-bhavan-1-shanti-nagar-bangalore/order,4.2,200,"South Indian, Street Food, North Indian, Chinese, Fast Food, Beverages, Desserts"
R23,Corner House Ice Creams,https://www.zomato.com/bangalore/corner-house-ice-creams-residency-road-bangalore/order,4.4,200,"Ice Cream, Desserts, Shake"
R24,Nandhana Palace,https://www.zomato.com/bangalore/nandhana-palace-indiranagar/order,4.1,200,"Biryani, Andhra, North Indian, Chinese, Mughlai, South Indian, Desserts, Beverages"
R25,Thalassery Restaurant,https://www.zomato.com/bangalore/thalassery-restaurant-kammanahalli/order,4,200,"Kerala, North Indian, Chinese, Lebanese, Biryani, Ice Cream, Beverages"
R26,CakeZone,https://www.zomato.com/bangalore/cakezone-koramangala-6th-block-bangalore/order,4.3,200,"Bakery, Ice Cream"
R27,Goli Vada Pav No. 1,https://www.zomato.com/bangalore/goli-vada-pav-no-1-jayanagar-bangalore/order,4.2,200,"Fast Food, Street Food, Maharashtrian, Rolls, Ice Cream"
R28,Kabab Magic,https://www.zomato.com/bangalore/kabab-magic-basavanagudi/order,4.2,200,"North Indian, Kebab, Hyderabadi, Mughlai, Chinese, Rolls"
R29,Chicking,https://www.zomato.com/bangalore/chicking-1-rajajinagar-bangalore/order,3.8,200,"Fast Food, Burger, Pizza"
R30,FreshMenu,https://www.zomato.com/bangalore/freshmenu-richmond-road/order,3.9,200,"Continental, Healthy Food, Fast Food, Burger, Sandwich, Chinese, Pasta, Beverages"
R31,EasyBites by Empire,https://www.zomato.com/bangalore/easybites-by-empire-brigade-road-bangalore/order,4.1,200,"Burger, Fast Food, Beverages"
R32,Amma's Pastries,https://www.zomato.com/bangalore/ammas-pastries-ulsoor/order,4.1,200,Bakery
R33,WOW! Momo,https://www.zomato.com/bangalore/wow-momo-church-street-bangalore/order,4,250,"Momos, Fast Food, Tibetan"
R34,Taco Bell,https://www.zomato.com/bangalore/taco-bell-brigade-road-bangalore/order,3.9,250,"Mexican, Wraps, Fast Food"
R35,MOJO Pizza - 2X Toppings,https://www.zomato.com/bangalore/mojo-pizza-2x-toppings-shanti-nagar-bangalore/order,4.4,250,"Pizza, Italian, Fast Food, Desserts, Beverages"
R36,Wendy's Burgers,https://www.zomato.com/bangalore/wendys-burgers-shanti-nagar-bangalore/order,3.7,250,"Burger, Fast Food, American"
R37,WarmOven Cake & Desserts,https://www.zomato.com/bangalore/warmoven-cake-desserts-vasanth-nagar-bangalore/order,3.6,250,"Bakery, Desserts, Beverages"
R38,Ovenstory Pizza,https://www.zomato.com/bangalore/ovenstory-pizza-1-shanti-nagar-bangalore/order,4.4,250,"Pizza, Fast Food"
R39,EatFit,https://www.zomato.com/bangalore/eatfit-cunningham-road-bangalore/order,3.9,250,"Healthy Food, North Indian, Pizza, Burger, Pasta, Biryani, Chinese, Beverages"
R40,Big Bite,https://www.zomato.com/bangalore/big-bite-vijay-nagar/order,4.2,250,"Fast Food, Chinese, Street Food, Burger, Pizza, Beverages, Ice Cream"
R41,Subway,https://www.zomato.com/bangalore/subway-lavelle-road/order,3.7,250,"Healthy Food, Sandwich, Wraps, Salad, Fast Food, Desserts"
R42,Faasos - Wraps & Rolls,https://www.zomato.com/bangalore/faasos-wraps-rolls-shanti-nagar-bangalore/order,3.9,250,"Rolls, Fast Food, Wraps, Desserts"
R43,Anand Sweets And Savouries,https://www.zomato.com/bangalore/anand-sweets-and-savouries-commercial-street-bangalore/order,4.3,250,"Mithai, Street Food, Beverages, Desserts"
R44,Mani's Dum Biryani,https://www.zomato.com/bangalore/manis-dum-biryani-ulsoor/order,4.1,250,"Biryani, Kebab"
R45,Nandhini Deluxe,https://www.zomato.com/bangalore/nandhini-deluxe-st-marks-road-bangalore/order,4,250,"Andhra, Biryani, South Indian, North Indian, Chinese, Mughlai, Desserts, Beverages"
R46,Sharief Bhai,https://www.zomato.com/bangalore/sharief-bhai-frazer-town-bangalore/order,4.1,250,"Biryani, Mughlai, Kebab, Afghan, Street Food, Beverages, Desserts"
R47,NIC Ice Creams,https://www.zomato.com/bangalore/nic-ice-creams-frazer-town-bangalore/order,4.5,250,Ice Cream
R48,Samosa Party,https://www.zomato.com/bangalore/samosa-party-brigade-road-bangalore/order,4.4,250,"Street Food, Tea"
R49,Kannur Food Point,https://www.zomato.com/bangalore/kannur-food-point-btm/order,3.7,250,"Kerala, Chinese, South Indian, Arabian, Juices, Beverages, Shake"
R50,Imperial Restaurant,https://www.zomato.com/bangalore/imperial-restaurant-residency-road/order,4,250,"Mughlai, North Indian, Biryani, Chinese, Seafood, Ice Cream, Desserts, Beverages"
R51,Sri Udupi Food Hub,https://www.zomato.com/bangalore/sri-udupi-food-hub-majestic-bangalore/order,4.2,250,"South Indian, North Indian, Chinese, Sandwich, Street Food, Ice Cream, Shake, Beverages"
R52,Lassi Shop,https://www.zomato.com/bangalore/lassi-shop-1-residency-road-bangalore/order,3.1,250,"Beverages, Shake, Juices, Ice Cream, Desserts, Burger, Fast Food"
R53,Pizza@99,https://www.zomato.com/bangalore/pizza@99-rajajinagar-bangalore/order,3.2,250,"Pizza, Burger, Fast Food"
R54,Chai Point,https://www.zomato.com/bangalore/chai-point-church-street-bangalore/order,4,250,"Tea, Beverages, Shake, Fast Food, Rolls, Desserts, Coffee"
R55,Kannur Food Kitchen,https://www.zomato.com/bangalore/kannur-food-kitchen-btm-bangalore/order,3.7,250,"South Indian, Biryani, Chinese, Arabian, Beverages, Shake"
R56,Rolls On Wheels,https://www.zomato.com/bangalore/rolls-on-wheels-cunningham-road/order,4.2,250,"Rolls, Fast Food, Chinese"
R57,Beijing Bites,https://www.zomato.com/bangalore/beijing-bites-richmond-road/order,4.1,250,"Chinese, Asian, Thai, Seafood, Malaysian"
R58,Kwalitywall's Frozen Dessert And Ice Cream Shop,https://www.zomato.com/bangalore/kwalitywalls-frozen-dessert-and-ice-cream-shop-wilson-garden-bangalore/order,4.2,250,"Ice Cream, Desserts"
R59,Natural Ice Cream,https://www.zomato.com/bangalore/natural-ice-cream-st-marks-road/order,4.6,250,"Ice Cream, Desserts, Shake"
R60,California Burrito,https://www.zomato.com/bangalore/california-burrito-cunningham-road/order,4.1,250,"Mexican, Fast Food, Beverages"
R61,Behrouz Biryani,https://www.zomato.com/bangalore/behrouz-biryani-shanti-nagar-bangalore/order,4.3,250,"Biryani, Kebab, Hyderabadi, Lucknowi"
R62,Meat And Eat,https://www.zomato.com/bangalore/meat-and-eat-domlur/order,3.9,250,"Burger, Sandwich, Fast Food, Wraps, Biryani, Beverages, Desserts"
R63,Paakashala,https://www.zomato.com/bangalore/paakashala-mg-road-bangalore/order,4.2,250,"South Indian, Street Food, Chinese, Fast Food, Ice Cream, Beverages"
R64,The Belgian Waffle Co.,https://www.zomato.com/bangalore/the-belgian-waffle-co-seshadripuram-bangalore/order,4.1,250,"Waffle, Pancake, Desserts, Beverages"
R65,Asha Sweet Center,https://www.zomato.com/bangalore/asha-sweet-center-1-vasanth-nagar-bangalore/order,4.3,250,Mithai
R66,Andhra Gunpowder,https://www.zomato.com/bangalore/andhra-gunpowder-seshadripuram-bangalore/order,4.4,250,"Andhra, Biryani, South Indian, Desserts, Beverages, Hyderabadi"
R67,Ambur Star Briyani Since 1890,https://www.zomato.com/bangalore/ambur-star-briyani-since-1890-indiranagar-bangalore/order,4.3,250,"Biryani, Chettinad, Chinese, North Indian"
R68,Kolkata Kathi Rolls,https://www.zomato.com/bangalore/kolkata-kathi-rolls-jp-nagar/order,3.9,250,"Rolls, Biryani, Chinese, North Indian, Sichuan"
R69,Royal Restaurant,https://www.zomato.com/bangalore/royal-restaurant-shivajinagar/order,4,150,"North Indian, Chinese, Sichuan"
R70,Chinese Wok,https://www.zomato.com/bangalore/chinese-wok-malleshwaram-bangalore/order,3.6,150,"Chinese, Momos, Sichuan"
R71,"Frozen Bottle - Milkshakes, Desserts and Ice Cream",https://www.zomato.com/bangalore/frozen-bottle-milkshakes-desserts-and-ice-cream-brigade-road-bangalore/order,4,150,"Beverages, Shake, Desserts, Ice Cream"
R72,Glen's Bakehouse,https://www.zomato.com/bangalore/glens-bakehouse-lavelle-road/order,4.3,150,"Bakery, Cafe, Italian, Continental, Fast Food, Beverages, Desserts"
R73,Theobroma,https://www.zomato.com/bangalore/theobroma-lavelle-road-bangalore/order,4.3,150,"Bakery, Desserts, Beverages"
R74,Paradise Biryani,https://www.zomato.com/bangalore/paradise-biryani-rajajinagar-bangalore/order,3.9,150,"Biryani, North Indian, Kebab"
R75,Sri Udupi Park,https://www.zomato.com/bangalore/sri-udupi-park-residency-road/order,4.2,150,"South Indian, Chinese, Street Food, Beverages, North Indian, Shake"
R76,Krishna Vaibhava,https://www.zomato.com/bangalore/krishna-vaibhava-vijay-nagar-bangalore/order,4.2,150,"South Indian, North Indian, Mithai, Chinese, Biryani"
R77,Dindigul Thalappakatti,https://www.zomato.com/bangalore/dindigul-thalappakatti-mg-road-bangalore/order,3.9,150,"Biryani, North Indian, South Indian, Chinese, Seafood, Beverages"
R78,RNR Biryani - Taste Of 1953,https://www.zomato.com/bangalore/rnr-biryani-taste-of-1953-1-jayanagar-bangalore/order,4.3,150,"Biryani, South Indian, Desserts, Beverages, Andhra"
R79,Call Me Chow,https://www.zomato.com/bangalore/call-me-chow-koramangala-8th-block-bangalore/order,4.2,150,"Chinese, Japanese, Thai, Indonesian, Asian"
R80,Krispy Kreme,https://www.zomato.com/bangalore/krispy-kreme-richmond-road/order,4.5,150,"Desserts, Beverages"
R81,Baskin Robbins,https://www.zomato.com/bangalore/baskin-robbins-church-street/order,4.2,200,"Ice Cream, Desserts, Beverages"
R82,Royal Biryani Kitchen,https://www.zomato.com/bangalore/royal-biryani-kitchen-btm-bangalore/order,3.4,200,"Biryani, North Indian, Mughlai, Fast Food, Beverages, Sichuan"
R83,Pathaan Sir,https://www.zomato.com/bangalore/pathaan-sir-wilson-garden-bangalore/order,3.9,200,Rolls
R84,Chaatimes,https://www.zomato.com/bangalore/chaatimes-brigade-road-bangalore/order,4.1,200,"Street Food, Fast Food"
R85,Donne Biryani House,https://www.zomato.com/bangalore/donne-biryani-house-btm-bangalore/order,3.6,200,"Biryani, Fast Food"
R86,Kaati Zone Rolls and Wraps,https://www.zomato.com/bangalore/kaati-zone-rolls-and-wraps-vasanth-nagar-bangalore/order,3.7,200,"Rolls, Wraps, Fast Food, Desserts, Shake, Beverages"
R87,Vijayalakshmi Veg,https://www.zomato.com/bangalore/vijayalakshmi-veg-frazer-town-bangalore/order,4,200,"South Indian, Chinese, North Indian, Sichuan"
R88,Cakewala,https://www.zomato.com/bangalore/cakewala-1-jayanagar/order,4.3,200,"Bakery, Desserts"
R89,Madeena Hotel,https://www.zomato.com/bangalore/madeena-hotel-koramangala-5th-block-bangalore/order,4,200,"Biryani, Kebab, North Indian"
R90,Hari Super Sandwich,https://www.zomato.com/bangalore/hari-super-sandwich-seshadripuram-bangalore/order,3.8,200,"Sandwich, Pizza, Fast Food, Street Food"
R91,Moriz Nano Restaurant,https://www.zomato.com/bangalore/moriz-nano-restaurant-ulsoor/order,3.5,200,"North Indian, Chinese, Arabian, Mughlai, Fast Food, Beverages, Shake"
R92,Smoor,https://www.zomato.com/bangalore/smoor-lavelle-road-bangalore/order,4.1,200,"Asian, Italian, Salad, Pizza, Sandwich, Burger, Desserts, Beverages"
R93,Chaayos Chai+Snacks=Relax,https://www.zomato.com/bangalore/chaayos-chai-snacks-relax-cunningham-road-bangalore/order,4.1,200,"Cafe, Tea, Beverages"
R94,Al Ameen Rolls Corner,https://www.zomato.com/bangalore/al-ameen-rolls-corner-kammanahalli-bangalore/order,3.8,200,"Rolls, Fast Food"
R95,Savi Sagar,https://www.zomato.com/bangalore/savi-sagar-malleshwaram-bangalore/order,3.8,200,"North Indian, South Indian, Chinese, Sandwich, Street Food, Ice Cream, Juices, Beverages"
R96,Shanmukha,https://www.zomato.com/bangalore/shanmukha-1-jp-nagar-bangalore/order,4.1,200,"Biryani, Andhra, North Indian, Chinese, Seafood"
R97,Narmada Chain of Restaurants,https://www.zomato.com/bangalore/narmada-chain-of-restaurants-frazer-town-bangalore/order,4.3,200,"Andhra, Hyderabadi, Biryani, North Indian, Chinese, Beverages"
R98,New Agarwal Bhavan,https://www.zomato.com/bangalore/new-agarwal-bhavan-sadashiv-nagar-bangalore/order,4.2,200,"Mithai, Street Food"
R99,BOX8 - Desi Meals,https://www.zomato.com/bangalore/box8-desi-meals-shanti-nagar-bangalore/order,4.2,200,"Wraps, North Indian, Fast Food, Biryani, Ice Cream, Desserts, Beverages"
R100,The Pizza Bakery,https://www.zomato.com/bangalore/the-pizza-bakery-church-street-bangalore/order,4.3,200,"Pizza, Pasta, Italian, Continental, Desserts, Beverages"
R101,Starbucks Coffee,https://www.zomato.com/bangalore/starbucks-coffee-lavelle-road-bangalore/order,4.3,200,"Cafe, Beverages, Desserts"
R102,Karnataka Biryani Point,https://www.zomato.com/bangalore/karnataka-biryani-point-rajajinagar-bangalore/order,4.1,200,"Biryani, South Indian"
R103,Roti Ghar,https://www.zomato.com/bangalore/roti-ghar-basavanagudi/order,4.1,200,"North Indian, Chinese, South Indian, Street Food, Fast Food, Desserts, Shake, Beverages"
R104,Sandwich Guru,https://www.zomato.com/bangalore/sandwich-guru-basavanagudi-bangalore/order,4,200,"Sandwich, Fast Food, Beverages, Shake"
R105,Laddoos,https://www.zomato.com/bangalore/laddoos-jeevan-bhima-nagar/order,3.9,100,"Mithai, North Indian, Street Food"
R106,M.M.A Kabab and Rolls,https://www.zomato.com/bangalore/m-m-a-kabab-and-rolls-old-madras-road-bangalore/order,3.6,100,"North Indian, Mughlai, Chinese, Kebab, Rolls, Seafood, Arabian, Biryani"
R107,Chaat Street,https://www.zomato.com/bangalore/chaat-street-koramangala-4th-block-bangalore/order,4,100,"Street Food, Fast Food, North Indian, Beverages"
R108,The Bake Feast,https://www.zomato.com/bangalore/the-bake-feast-indiranagar-bangalore/order,4.1,100,"Bakery, Desserts"
R109,Kolkata Famous Kati Rolls,https://www.zomato.com/bangalore/kolkata-famous-kati-rolls-rajajinagar-bangalore/order,3.9,100,Rolls
R110,Bangarpet Chats,https://www.zomato.com/bangalore/bangarpet-chats-banashankari/order,3.5,100,Street Food
R111,Biryani By Kilo,https://www.zomato.com/bangalore/biryani-by-kilo-majestic-bangalore/order,3.6,100,"Biryani, Hyderabadi, North Indian, Kebab, Mughlai, Desserts"
R112,Shree Mahalakshmi Sweets,https://www.zomato.com/bangalore/shree-mahalakshmi-sweets-2-basavanagudi-bangalore/order,4,100,"Mithai, Street Food"
R113,Five Star New Ambur Biryani,https://www.zomato.com/bangalore/five-star-new-ambur-biryani-btm-bangalore/order,3.4,100,"Biryani, Fast Food, South Indian"
R114,Zomoz - The Momo Company,https://www.zomato.com/bangalore/zomoz-the-momo-company-indiranagar-bangalore/order,4.2,100,"Momos, Fast Food"
R115,Razakhiya Hotel,https://www.zomato.com/bangalore/razakhiya-hotel-hbr-layout-bangalore/order,4,100,"Rolls, Chinese, North Indian, Seafood, Biryani, Sichuan"
R116,Priyadarshini Grand,https://www.zomato.com/bangalore/priyadarshini-grand-basaveshwara-nagar/order,4.3,100,"South Indian, Street Food, Ice Cream, Desserts, Beverages, Shake"
R117,Donne Biryani House,https://www.zomato.com/bangalore/donne-biryani-house-malleshwaram/order,4,150,"Biryani, South Indian"
R118,Sangam Sweets,https://www.zomato.com/bangalore/sangam-sweets-majestic/order,4.3,150,"Mithai, Street Food, Fast Food"
R119,New Shanthi Sagar,https://www.zomato.com/bangalore/new-shanthi-sagar-rajajinagar-bangalore/order,4.1,150,"North Indian, Street Food, Fast Food, South Indian, Chinese, Ice Cream, Shake"
R120,Hyderabad Biryaani House,https://www.zomato.com/bangalore/hyderabad-biryaani-house-airport-road/order,3.8,150,"Biryani, North Indian, Hyderabadi, Mughlai, Chinese"
R121,Sai Prasadam,https://www.zomato.com/bangalore/sai-prasadam-vijay-nagar-bangalore/order,4.1,150,"North Indian, South Indian, Street Food, Chinese"
R122,Rolls Kitchen,https://www.zomato.com/bangalore/rolls-kitchen-rajajinagar/order,4.1,150,"Fast Food, Rolls, Beverages, Chinese"
R123,Chetty's Corner,https://www.zomato.com/chettyscorner/order,4.1,150,"Fast Food, Sandwich, Pizza, Burger, Street Food, Beverages"
R124,Potful - Claypot Biryanis,https://www.zomato.com/bangalore/potful-claypot-biryanis-thippasandra-bangalore/order,4.2,150,"Biryani, Kebab, Mughlai, North Indian, Desserts"
R125,Third Wave Coffee,https://www.zomato.com/bangalore/third-wave-coffee-lavelle-road-bangalore/order,3.4,150,"Cafe, Beverages, Desserts, Coffee, Tea, Pizza, Fast Food"
R126,Kolkata No. 1 Kati Rolls,https://www.zomato.com/bangalore/kolkata-no-1-kati-rolls-rajajinagar-bangalore/order,3.9,150,Rolls
R127,Madurai Idly Shop,https://www.zomato.com/bangalore/madurai-idly-shop-1-koramangala-7th-block-bangalore/order,3.9,150,South Indian
R128,Biggies Burger,https://www.zomato.com/bangalore/biggies-burger-church-street-bangalore/order,4.1,150,"Burger, Wraps, Fast Food, Shake, Beverages, Desserts"
R129,Sagar Hotel,https://www.zomato.com/bangalore/sagar-hotel-rajajinagar/order,4.2,150,"North Indian, Chinese, Street Food, Fast Food, South Indian, Juices, Beverages"
R130,Chowman,https://www.zomato.com/bangalore/chowman-indiranagar-bangalore/order,4,150,"Chinese, Asian, Thai, Oriental, Seafood, Sichuan, Beverages, Desserts"
R131,New Udupi Grand,https://www.zomato.com/bangalore/new-udupi-grand-1-koramangala-8th-block-bangalore/order,3.7,150,"South Indian, North Indian, Street Food, Beverages, Chinese, Shake"
R132,Biryani Trip - Destination Hyderabad,https://www.zomato.com/bangalore/biryani-trip-destination-hyderabad-seshadripuram-bangalore/order,4.4,150,"Biryani, South Indian, Mughlai, Andhra, Desserts, Hyderabadi"
R133,Savoury Restaurant,https://www.zomato.com/bangalore/savoury-restaurant-1-frazer-town/order,4.1,150,"Arabian, Mughlai, North Indian, Chinese, Fast Food, Beverages, Shake, Desserts"
R134,T’s 21 Spice Biryani,https://www.zomato.com/bangalore/ts-21-spice-biryani-indiranagar-bangalore/order,4,150,"Biryani, South Indian"
R135,Pizza House,https://www.zomato.com/bangalore/pizza-house-1-rt-nagar-bangalore/order,4.1,150,"Pizza, Fast Food, Burger"
R136,Namaste,https://www.zomato.com/bangalore/namaste-malleshwaram-bangalore/order,3.6,150,"South Indian, Beverages"
R137,Just Bake,https://www.zomato.com/bangalore/just-bake-seshadripuram/order,3.9,150,"Bakery, Desserts, Street Food"
R138,Chef Bakers,https://www.zomato.com/bangalore/chef-bakers-koramangala-7th-block-bangalore/order,3.6,150,"Bakery, Fast Food, Pizza, Sandwich, Burger, Desserts"
R139,Meghduth Biryanis,https://www.zomato.com/bangalore/meghduth-biryanis-jayanagar-bangalore/order,3.6,150,"Biryani, South Indian"
R140,Sardarji Londonwaley,https://www.zomato.com/bangalore/sardarji-londonwaley-koramangala-7th-block-bangalore/order,3.7,150,"North Indian, Chinese, Mughlai"
R141,IDC Kitchen,https://www.zomato.com/bangalore/idc-kitchen-residency-road-bangalore/order,4.2,100,"South Indian, Beverages"
R142,Punjabi Nawabi,https://www.zomato.com/bangalore/punjabi-nawabi-koramangala-7th-block-bangalore/order,3.6,100,"North Indian, Biryani, Mughlai, Chinese, Kebab"
R143,Kabab King,https://www.zomato.com/bangalore/kabab-king-kumaraswamy-layout-bangalore/order,3.4,100,"North Indian, Chinese, Juices, Shake"
R144,Arabian Shawarma,https://www.zomato.com/bangalore/arabian-shawarma-1-kammanahalli-bangalore/order,3.9,100,"Shawarma, Fast Food, Beverages"
R145,Szechuan Dragon,https://www.zomato.com/bangalore/szechuan-dragon-banashankari/order,4.1,100,"Chinese, Asian, Thai, Momos"
R146,Momoz,https://www.zomato.com/bangalore/momoz-rt-nagar-bangalore/order,4,100,"Chinese, Momos, Sichuan"
R147,GOPIZZA,https://www.zomato.com/bangalore/gopizza-2-banaswadi-bangalore/order,4.2,100,"Pizza, Fast Food"
R148,LunchBox - Meals and Thalis,https://www.zomato.com/bangalore/lunchbox-meals-and-thalis-shanti-nagar-bangalore/order,4,100,North Indian
R149,Donne Biryani Mane,https://www.zomato.com/bangalore/donne-biryani-mane-koramangala-4th-block-bangalore/order,4,100,"Biryani, South Indian"
R150,CTR Shri Sagar,https://www.zomato.com/bangalore/ctr-shri-sagar-malleshwaram-bangalore/order,4.3,100,South Indian
R151,D - Zaprino,https://www.zomato.com/bangalore/d-zaprino-rajajinagar-bangalore/order,3.8,100,"Pizza, Burger, Wraps, Biryani, Fast Food, Street Food, Desserts, Beverages"
R152,Big Bowl Company,https://www.zomato.com/bangalore/big-bowl-company-hosur-road-bangalore/order,3.7,100,"North Indian, Chinese, Biryani, Momos, Sichuan"
R153,7 Plates,https://www.zomato.com/bangalore/7-plates-rt-nagar/order,4,200,"North Indian, Mughlai, Rolls, Chinese"
R154,Delicacy,https://www.zomato.com/bangalore/delicacy-frazer-town/order,3.8,200,"Chinese, Thai"
R155,Aubree,https://www.zomato.com/bangalore/aubree-shivajinagar-bangalore/order,4.2,200,"Bakery, Desserts, Italian, Thai, Fast Food"
R156,Just Shawarma,https://www.zomato.com/bangalore/just-shawarma-indiranagar-bangalore/order,3.8,200,"Lebanese, Fast Food, Beverages"
R157,Keventers - Milkshakes & Desserts,https://www.zomato.com/bangalore/keventers-milkshakes-desserts-brigade-road-bangalore/order,4.2,200,"Shake, Beverages, Desserts"
R158,Cake N Chef,https://www.zomato.com/bangalore/cake-n-chef-bannerghatta-road-bangalore/order,4,200,"Bakery, Desserts"
R159,Mandya Nati Style,https://www.zomato.com/bangalore/mandya-nati-style-vijay-nagar-bangalore/order,3.6,200,"South Indian, Biryani"
R160,Brahmins' Thatte Idli,https://www.zomato.com/bangalore/brahmins-thatte-idli-1-malleshwaram-bangalore/order,4.2,200,South Indian
R161,WOW! China,https://www.zomato.com/bangalore/wow-china-church-street-bangalore/order,3.8,200,"Chinese, Rolls"
R162,Juice Junction,https://www.zomato.com/bangalore/juice-junction-st-marks-road/order,4.2,200,"Juices, Beverages, Sandwich, Fast Food, Shake, Rolls, Healthy Food, Street Food"
R163,The Dessert Heaven - Pure Veg,https://www.zomato.com/bangalore/the-dessert-heaven-pure-veg-koramangala-6th-block-bangalore/order,4.3,200,"Desserts, Bakery"
R164,Ambur Biryani Point,https://www.zomato.com/bangalore/ambur-biryani-point-koramangala-8th-block-bangalore/order,3.5,200,"Biryani, Fast Food"
R165,Just Cakes,https://www.zomato.com/bangalore/just-cakes-koramangala-7th-block-bangalore/order,3.8,350,"Bakery, Desserts"
R166,Karnataka Bhel House,https://www.zomato.com/bangalore/karnataka-bhel-house-basavanagudi/order,4.3,350,"Street Food, Ice Cream"
R167,Hyderabad Biryani House,https://www.zomato.com/bangalore/hyderabad-biryani-house-malleshwaram-bangalore/order,4,350,"North Indian, Hyderabadi, Chinese, Biryani, Mughlai, Desserts, Beverages, Shake"
R168,Great Indian Khichdi by EatFit,https://www.zomato.com/bangalore/great-indian-khichdi-by-eatfit-cunningham-road-bangalore/order,4,350,"Healthy Food, North Indian, Ice Cream, Desserts, Beverages"
R169,99 Varieties Dosa & Pav Bhaji,https://www.zomato.com/bangalore/99-varieties-dosa-pav-bhaji-btm-bangalore/order,3.7,350,South Indian
R170,Hotel Kadamba Veg,https://www.zomato.com/bangalore/hotel-kadamba-veg-rajajinagar/order,4.2,350,"South Indian, North Indian, Chinese, Salad, Mithai, Beverages"
R171,ibaco,https://www.zomato.com/bangalore/ibaco-brigade-road-bangalore/order,4.3,350,"Ice Cream, Desserts"
R172,Ande Ka Funda,https://www.zomato.com/bangalore/ande-ka-funda-2-btm-bangalore/order,3.7,350,"North Indian, Rolls, Chinese"
R173,Paratha Envy,https://www.zomato.com/bangalore/paratha-envy-koramangala-6th-block-bangalore/order,4.2,350,North Indian
R174,Cupcake Bliss Cakes & Desserts,https://www.zomato.com/bangalore/cupcake-bliss-cakes-desserts-vasanth-nagar-bangalore/order,3.5,350,Bakery
R175,Hari Super Sandwich,https://www.zomato.com/bangalore/hari-super-sandwich-btm-bangalore/order,4.1,350,"Sandwich, Fast Food"
R176,Texas Burgers,https://www.zomato.com/bangalore/texas-burgers-thippasandra-bangalore/order,4,350,Burger
R177,Momo Zone - The Momo Company,https://www.zomato.com/bangalore/momo-zone-the-momo-company-vasanth-nagar-bangalore/order,3.5,150,"Chinese, Tibetan"
R178,The Cake Deluxe,https://www.zomato.com/bangalore/the-cake-deluxe-basavanagudi-bangalore/order,4.1,150,Bakery
R179,NH1 Bowls - Highway To North,https://www.zomato.com/bangalore/nh1-bowls-highway-to-north-langford-town-bangalore/order,4.5,150,"North Indian, Fast Food, Desserts, Beverages"
R180,Cafe Coffee Day,https://www.zomato.com/bangalore/cafe-coffee-day-1-lavelle-road-bangalore/order,3.3,150,"Cafe, Fast Food, Coffee, Beverages, Desserts"
R181,Anjappar,https://www.zomato.com/bangalore/anjappar-brigade-road-bangalore/order,3.9,150,"South Indian, Chettinad, Biryani, Seafood, Chinese, North Indian, Desserts, Beverages"
R182,New Udupi Garden,https://www.zomato.com/bangalore/new-udupi-garden-airport-road-bangalore/order,3.7,150,"South Indian, North Indian, Beverages, Chinese"
R183,Afghani Tandoori Hub,https://www.zomato.com/bangalore/afghani-tandoori-hub-btm-bangalore/order,3.4,150,"Afghan, Fast Food, Chinese, North Indian, Desserts, Beverages, Sichuan"
R184,Natraj Chole Bhature,https://www.zomato.com/bangalore/natraj-chole-bhature-indiranagar-bangalore/order,4.1,150,North Indian
R185,The Biryani Life,https://www.zomato.com/bangalore/the-biryani-life-shanti-nagar-bangalore/order,3.4,150,"Biryani, Kebab, Hyderabadi, Lucknowi"
R186,Shanthi Sagar,https://www.zomato.com/bangalore/shanthi-sagar-basaveshwara-nagar/order,4.1,150,"South Indian, North Indian, Chinese, Street Food, Ice Cream, Desserts, Shake, Beverages"
R187,99 Variety Dosa & Pav Bhaji,https://www.zomato.com/bangalore/99-variety-dosa-pav-bhaji-koramangala-6th-block-bangalore/order,3.8,150,"South Indian, Maharashtrian"
R188,Chinese BAE,https://www.zomato.com/bangalore/chinese-bae-rt-nagar-bangalore/order,3.7,150,"Chinese, Seafood, Momos, Sichuan"
R189,Puliyogare Point,https://www.zomato.com/bangalore/puliyogare-point-basavanagudi/order,4.4,50,"South Indian, Desserts"
R190,Rotti Walla,https://www.zomato.com/bangalore/rotti-walla-indiranagar-bangalore/order,3.9,50,"North Indian, South Indian, Chinese, Mughlai, Biryani, Fast Food, Beverages, Desserts"
R191,Ayodhya Vihar Pure Veg,https://www.zomato.com/bangalore/ayodhya-vihar-pure-veg-jeevan-bhima-nagar-bangalore/order,4.2,50,"North Indian, Chinese, South Indian, Beverages, Desserts, Juices, Ice Cream, Shake"
R192,Gowdru Hotel,https://www.zomato.com/bangalore/gowdru-hotel-vijay-nagar-bangalore/order,3.6,50,"Biryani, South Indian, North Indian"
R193,Ambur Darbar Biriyani Point,https://www.zomato.com/bangalore/ambur-darbar-biriyani-point-yeshwantpur/order,4,50,"Biryani, Kebab"
R194,Kabab King Restaurant,https://www.zomato.com/bangalore/kabab-king-restaurant-1-banashankari-bangalore/order,3.5,50,"Chinese, North Indian, Beverages"
R195,Donne Biriyani Mane,https://www.zomato.com/bangalore/donne-biriyani-mane-1-airport-road-bangalore/order,3.8,50,"Biryani, South Indian"
R196,Yumlane Pizza,https://www.zomato.com/bangalore/yumlane-pizza-koramangala-5th-block-bangalore/order,4,50,"Shake, Ice Cream, Pizza, Beverages, Fast Food, Desserts"
R197,New Krishna Sagar,https://www.zomato.com/bangalore/new-krishna-sagar-indiranagar/order,3.7,50,"South Indian, North Indian, Chinese, Beverages"
R198,The Cake Fancy,https://www.zomato.com/bangalore/the-cake-fancy-basavanagudi-bangalore/order,4.3,50,Bakery
R199,Siddique Kabab Centre,https://www.zomato.com/bangalore/siddique-kabab-centre-frazer-town/order,4,50,"Mughlai, Chinese, North Indian, Rolls, Sichuan"
R200,Roti-Wala.Com,https://www.zomato.com/bangalore/roti-wala-com-btm-bangalore/order,4.1,50,"North Indian, Street Food, Healthy Food, Chinese, Desserts"
R201,XO Belgian Waffle,https://www.zomato.com/bangalore/xo-belgian-waffle-koramangala-5th-block/order,4.3,150,"Desserts, Beverages, Waffle, Shake"
R202,Sri Venkateshwara Sweetmeat Stall,https://www.zomato.com/bangalore/sri-venkateshwara-sweetmeat-stall-majestic/order,4.5,150,"Mithai, Street Food, Fast Food, North Indian"
R203,Ayodhya Sagar,https://www.zomato.com/bangalore/ayodhya-sagar-basaveshwara-nagar-bangalore/order,4.1,150,"South Indian, North Indian, Chinese, Street Food, Desserts, Beverages"
R204,India Sweet House,https://www.zomato.com/bangalore/india-sweet-house-frazer-town-bangalore/order,4.1,150,"Mithai, Street Food"
R205,Sweet Truth - Cake and Desserts,https://www.zomato.com/bangalore/sweet-truth-cake-and-desserts-shanti-nagar-bangalore/order,3.3,150,Bakery
R206,Gopaljee Cafe,https://www.zomato.com/bangalore/gopaljee-cafe-koramangala-7th-block-bangalore/order,4.1,150,"Street Food, North Indian, Beverages"
R207,Mad Over Donuts,https://www.zomato.com/bangalore/mad-over-donuts-brigade-road/order,4.1,150,"Desserts, Waffle, Beverages"
R208,Muthashy's,https://www.zomato.com/bangalore/muthashys-btm-bangalore/order,4.1,150,"Kerala, South Indian, Chinese, Sichuan"
R209,Indraprastha Restaurant,https://www.zomato.com/bangalore/indraprastha-restaurant-vijay-nagar/order,4.1,150,"North Indian, Chinese, Biryani"
R210,Cream Stone Ice Cream,https://www.zomato.com/bangalore/cream-stone-ice-cream-frazer-town-bangalore/order,4.2,150,"Ice Cream, Desserts, Beverages, Shake"
R211,The Momo Co.,https://www.zomato.com/bangalore/the-momo-co-hosur-road-bangalore/order,3.9,150,"Chinese, Momos, Desserts, Beverages, Sichuan"
R212,Crusto’s - Cheese Burst Pizza,https://www.zomato.com/bangalore/crustos-cheese-burst-pizza-koramangala-6th-block-bangalore/order,4,150,Pizza
R213,Le Arabia,https://www.zomato.com/bangalore/le-arabia-basaveshwara-nagar-bangalore/order,3.7,250,"North Indian, Mughlai, Chinese, Arabian, Biryani, Beverages, Desserts, Sichuan"
R214,New Taj Darbar,https://www.zomato.com/bangalore/new-taj-darbar-shivajinagar-bangalore/order,3.5,250,"North Indian, Chinese, Mughlai, Biryani"
R215,Hakka Box,https://www.zomato.com/bangalore/hakka-box-domlur-bangalore/order,4,250,"Chinese, Thai, Momos, Sichuan"
R216,Brothers Biriyani,https://www.zomato.com/bangalore/brothers-biriyani-basavanagudi-bangalore/order,4.1,250,"Biryani, South Indian"
R217,The Dessert Zone,https://www.zomato.com/bangalore/the-dessert-zone-vasanth-nagar-bangalore/order,3.3,250,"Desserts, Bakery"
R218,Mealful Rolls - India's Biggest Rolls,https://www.zomato.com/bangalore/mealful-rolls-indias-biggest-rolls-langford-town-bangalore/order,4.3,250,"Rolls, Fast Food, North Indian, Wraps, Beverages, Desserts"
R219,The Good Bowl,https://www.zomato.com/bangalore/the-good-bowl-shanti-nagar-bangalore/order,4.2,250,"North Indian, Pasta, Italian"
R220,Sri Srinivas Pork Hotel,https://www.zomato.com/bangalore/sri-srinivas-pork-hotel-ejipura-bangalore/order,3.4,250,Fast Food
R221,Absolute Shawarma,https://www.zomato.com/bangalore/absolute-shawarma-thippasandra-bangalore/order,4.1,250,Shawarma
R222,Sri Durga Chats & Juice,https://www.zomato.com/bangalore/sri-durga-chats-juice-vijay-nagar-bangalore/order,4.2,250,"Fast Food, Street Food, Beverages, Desserts"
R223,Shawarma Time,https://www.zomato.com/bangalore/shawarma-time-1-rt-nagar-bangalore/order,3.7,250,"Lebanese, Rolls, Fast Food"
R224,Biryani Blues,https://www.zomato.com/bangalore/biryani-blues-church-street-bangalore/order,4.2,250,"Biryani, Kebab, Desserts, Hyderabadi, Beverages"
R225,TrueCakes,https://www.zomato.com/bangalore/truecakes-domlur-bangalore/order,4.3,300,"Bakery, Desserts"
R226,Hotel Karavali Food Point,https://www.zomato.com/bangalore/hotel-karavali-food-point-vijay-nagar/order,3.7,300,"Mangalorean, South Indian, North Indian, Chinese"
R227,Sree Banashankari Donne Biriyani,https://www.zomato.com/bangalore/sree-banashankari-donne-biriyani-basaveshwara-nagar-bangalore/order,4.1,300,"Biryani, South Indian"
R228,Uttam Sagar,https://www.zomato.com/bangalore/uttam-sagar-banaswadi/order,4,300,"South Indian, North Indian, Street Food, Chinese, Fast Food, Beverages, Desserts"
R229,Toscano,https://www.zomato.com/bangalore/toscano-lavelle-road/order,3.9,300,"Pizza, Pasta, Sandwich, Italian, BBQ, Seafood, Fast Food, Chinese"
R230,Donne Biryani Palace,https://www.zomato.com/bangalore/donne-biryani-palace-1-jayanagar-bangalore/order,4.1,300,"Biryani, South Indian, North Indian, Chinese"
R231,Kailash Parbat,https://www.zomato.com/bangalore/kailash-parbat-sadashiv-nagar-bangalore/order,4.1,300,"North Indian, Chinese, Street Food, Fast Food, Beverages, Desserts"
R232,Dum Biryani Hub,https://www.zomato.com/bangalore/dum-biryani-hub-btm-bangalore/order,3.5,300,"Biryani, North Indian, Chinese, Desserts, Beverages, Sichuan"
R233,Gully Treats,https://www.zomato.com/bangalore/gully-treats-basaveshwara-nagar-bangalore/order,4,300,"Street Food, Fast Food, North Indian, Sandwich, Beverages, Sichuan"
R234,Davanagere Benne Dose,https://www.zomato.com/bangalore/davanagere-benne-dose-jayanagar-bangalore/order,4.1,300,"South Indian, Kerala"
R235,Bhartiya Jalpan,https://www.zomato.com/bangalore/bhartiya-jalpan-indiranagar/order,3.7,300,"North Indian, Street Food, Rajasthani, Bengali, Mithai, Beverages, Desserts"
R236,Kataria's,https://www.zomato.com/bangalore/katarias-btm-bangalore/order,3.5,300,"North Indian, Biryani, Beverages"
R237,LeanCrust Pizza- ThinCrust Experts,https://www.zomato.com/bangalore/leancrust-pizza-thincrust-experts-langford-town-bangalore/order,4,350,"Pizza, Italian, Fast Food, Desserts, Beverages"
R238,Beyond The Crust - BTC,https://www.zomato.com/bangalore/beyond-the-crust-btc-btm-bangalore/order,4,350,"Pizza, Fast Food, Desserts"
R239,Antarastriya,https://www.zomato.com/antarastriya/order,3.6,350,"Pizza, Fast Food, Chinese, Beverages, Shake, Italian, Mexican, Juices"
R240,Upahara Darshini,https://www.zomato.com/bangalore/upahara-darshini-jayanagar/order,4.2,350,"South Indian, North Indian, Fast Food, Street Food, Ice Cream, Beverages, Chinese"
R241,Juicy,https://www.zomato.com/bangalore/juicy-airport-road/order,4,350,"Beverages, Juices, Fast Food, Sandwich, Shake"
R242,Donne Biryani House,https://www.zomato.com/bangalore/donne-biryani-house-vijay-nagar-bangalore/order,3.5,350,"Biryani, North Indian, South Indian, Fast Food"
R243,Ambur Hot Dum Biryani,https://www.zomato.com/bangalore/ambur-hot-dum-biryani-btm/order,3.7,350,Biryani
R244,FB Cakes,https://www.zomato.com/bangalore/fb-cakes-btm-bangalore/order,3.9,350,"Bakery, Desserts"
R245,Kullad Cafe,https://www.zomato.com/bangalore/kullad-cafe-btm/order,3.8,350,"North Indian, Fast Food, Street Food, Shake, Beverages"
R246,Antarastriya,https://www.zomato.com/bangalore/antarastriya-rajajinagar-bangalore/order,3.9,350,"Chinese, Fast Food, Mexican, Italian, Beverages, Juices"
R247,Eshanya Street Food Cafe,https://www.zomato.com/bangalore/eshanya-street-food-cafe-jayanagar-bangalore/order,3.8,350,"North Indian, Mughlai, Chinese, Beverages"
R248,The Thickshake Factory,https://www.zomato.com/bangalore/the-thickshake-factory-koramangala-5th-block-bangalore/order,4.2,350,"Beverages, American"
R249,Paris Panini - Gourmet Sandwiches,https://www.zomato.com/bangalore/paris-panini-gourmet-sandwiches-indiranagar-bangalore/order,4.3,300,"Cafe, Coffee, Beverages, Desserts, French, Continental, Panini"
R250,Wonder Sipp,https://www.zomato.com/bangalore/wonder-sipp-vijay-nagar-bangalore/order,3.3,300,"Fast Food, Sandwich, Burger, Pizza"
R251,Sreeraj Lassi Bar,https://www.zomato.com/bangalore/sreeraj-lassi-bar-shanti-nagar/order,4.3,300,"Shake, Juices, Beverages, Ice Cream, Desserts"
R252,Bucket Biryani,https://www.zomato.com/bangalore/bucket-biryani-brigade-road-bangalore/order,4.1,300,"Biryani, North Indian, Chinese, Mughlai, Kebab"
R253,Tharavadu,https://www.zomato.com/bangalore/tharavadu-koramangala-5th-block-bangalore/order,3.7,300,"Chinese, Biryani, South Indian, Kerala"
R254,The Taj Hotel,https://www.zomato.com/bangalore/the-taj-hotel-1-city-market-bangalore/order,3.7,300,"North Indian, Chinese, Mughlai, Fast Food, Lebanese, Seafood, Rolls"
R255,Bake and Juice,https://www.zomato.com/bangalore/bake-and-juice-hosur-road-bangalore/order,3.8,300,"Arabian, Sandwich, Burger, Biryani, Lebanese, Beverages, Juices, Shake"
R256,Shyamji's Chole Bhature,https://www.zomato.com/bangalore/shyamjis-chole-bhature-koramangala-5th-block-bangalore/order,3.8,300,"Street Food, North Indian"
R257,Kirti Kitchen,https://www.zomato.com/bangalore/kirti-kitchen-btm-bangalore/order,3.7,300,"North Indian, Chinese, Sichuan"
R258,Vidyarthi Bhavan,https://www.zomato.com/bangalore/vidyarthi-bhavan-basavanagudi/order,4.2,300,South Indian
R259,Kolkata Famous Kati Rolls,https://www.zomato.com/bangalore/kolkata-famous-kati-rolls-city-market-bangalore/order,4.2,300,Rolls
R260,Mumbai Xpress,https://www.zomato.com/bangalore/mumbai-xpress-koramangala-5th-block-bangalore/order,3.7,300,"Fast Food, North Indian, Street Food, Beverages, Chinese, Shake, Sichuan"
R261,Hyderabadi Biryani Hub,https://www.zomato.com/bangalore/hyderabadi-biryani-hub-btm/order,3.8,200,"Biryani, North Indian, Chinese, Mughlai, Beverages, Desserts"
R262,Bangarpet Chats,https://www.zomato.com/bangalore/bangarpet-chats-rajajinagar-bangalore/order,4.1,200,Street Food
R263,Hotel N.G.T Non Veg,https://www.zomato.com/bangalore/hotel-n-g-t-non-veg-vijay-nagar-bangalore/order,4.1,200,"Biryani, South Indian, Chinese"
R264,Nando's,https://www.zomato.com/bangalore/nandos-brigade-road-bangalore/order,4.1,200,"Portuguese, Burger, Fast Food"
R265,Magnolia Bakery,https://www.zomato.com/bangalore/magnolia-bakery-indiranagar-bangalore/order,4.4,200,"Bakery, Desserts, Beverages"
R266,King Punjabi Restaurant,https://www.zomato.com/bangalore/king-punjabi-restaurant-btm/order,3.9,200,"North Indian, Chinese, Sichuan"
R267,Bombay Bitess,https://www.zomato.com/bangalore/bombay-bitess-rajajinagar-bangalore/order,3.6,200,"North Indian, Sandwich, Chinese, Street Food, Fast Food, Desserts, Shake, Juices"
R268,Daily Sushi,https://www.zomato.com/bangalore/daily-sushi-church-street-bangalore/order,4.2,200,"Japanese, Korean, Sushi, Asian"
R269,La Heaven,https://www.zomato.com/bangalore/la-heaven-malleshwaram-bangalore/order,4.4,200,"Bakery, Desserts"
R270,NOTO - Healthy Ice Cream,https://www.zomato.com/bangalore/noto-healthy-ice-cream-brigade-road-bangalore/order,4,200,"Ice Cream, Mithai, Desserts"
R271,Friendly Neighbourhood Pizza - Man,https://www.zomato.com/bangalore/friendly-neighbourhood-pizza-man-basavanagudi-bangalore/order,4.3,200,"Pizza, Italian, Ice Cream, Shake"
R272,New Shanthi Sagar,https://www.zomato.com/bangalore/new-shanthi-sagar-basavanagudi/order,3.8,200,"South Indian, North Indian, Chinese, Fast Food, Street Food, Beverages"
R273,Belgian Waffle Factory,https://www.zomato.com/bangalore/belgian-waffle-factory-rt-nagar-bangalore/order,4,200,"Desserts, Waffle"
R274,Rooftop Cafe,https://www.zomato.com/bangalore/rooftop-cafe-jayanagar/order,3.7,200,"Pizza, Fast Food, Chinese, Coffee, Beverages"
R275,Jose Mess,https://www.zomato.com/bangalore/jose-mess-1-btm-bangalore/order,4,200,"Kerala, South Indian, Biryani"
R276,Pasta Street,https://www.zomato.com/bangalore/pasta-street-cunningham-road/order,4.2,200,"Pasta, Pizza, Italian, European, Salad, Desserts, Beverages"
R277,Rajasthani Taj Restaurant,https://www.zomato.com/bangalore/rajasthani-taj-restaurant-btm-bangalore/order,3,200,"North Indian, Chinese, Street Food, Rajasthani"
R278,Indiana Burgers,https://www.zomato.com/bangalore/indiana-burgers-vasanth-nagar-bangalore/order,3.6,200,"Burger, Rolls, Beverages, Desserts, Shake"
R279,Lassi Corner,https://www.zomato.com/bangalore/lassi-corner-koramangala-8th-block-bangalore/order,3.7,200,"Beverages, Juices, Shake, Desserts, Ice Cream, Sandwich, Fast Food, Street Food"
R280,Kolkata Famous Kati Roll,https://www.zomato.com/bangalore/kolkata-famous-kati-roll-1-hbr-layout-bangalore/order,3.9,200,Rolls
R281,Apsara Ice Creams,https://www.zomato.com/bangalore/apsara-ice-creams-koramangala-5th-block-bangalore/order,4.5,200,"Ice Cream, Desserts"
R282,Vaibhav Biryani,https://www.zomato.com/bangalore/vaibhav-biryani-rajajinagar-bangalore/order,4.3,200,Biryani
R283,Kunafa World,https://www.zomato.com/bangalore/kunafa-world-frazer-town-bangalore/order,4.4,200,Desserts
R284,Melting Cheese,https://www.zomato.com/bangalore/melting-cheese-basavanagudi-bangalore/order,3.5,200,"Pizza, Sandwich, Fast Food, Street Food"
R285,Habibi Falafel,https://www.zomato.com/bangalore/habibi-falafel-indiranagar-bangalore/order,4.2,150,"Middle Eastern, Fast Food, Bakery, Beverages"
R286,Biryani Pot,https://www.zomato.com/bangalore/biryani-pot-btm/order,3.9,150,"Biryani, North Indian, Chinese, Hyderabadi, Andhra, Wraps, Sichuan"
R287,By 2 Coffee,https://www.zomato.com/bangalore/by-2-coffee-basavanagudi-bangalore/order,4.4,150,South Indian
R288,Chopstick,https://www.zomato.com/bangalore/chopstick-rt-nagar-bangalore/order,3.9,150,"Chinese, Desserts, Seafood, Burger, Sichuan"
R289,Raidan Restaurant,https://www.zomato.com/bangalore/raidan-restaurant-rt-nagar-bangalore/order,3.8,150,"North Indian, Arabian, Chinese, Lebanese, Sichuan"
R290,Khan Saheb Grills And Rolls,https://www.zomato.com/bangalore/khan-saheb-grills-and-rolls-commercial-street-bangalore/order,3.6,150,"North Indian, Rolls, Kebab, Mughlai, Biryani, Beverages"
R291,Olio - The Wood Fired Pizzeria,https://www.zomato.com/bangalore/olio-the-wood-fired-pizzeria-koramangala-6th-block-bangalore/order,3.6,150,"Pizza, Italian"
R292,Auntie Fung's,https://www.zomato.com/bangalore/auntie-fungs-indiranagar-bangalore/order,4,150,"Asian, Thai, Vietnamese, Japanese, Indonesian, Chinese, Korean, Burmese"
R293,Calcutta Victoria Chat House,https://www.zomato.com/bangalore/calcutta-victoria-chat-house-jeevan-bhima-nagar/order,3.7,150,"North Indian, Street Food, Desserts, Beverages"
R294,Sweet Chariot Cafe,https://www.zomato.com/bangalore/sweet-chariot-cafe-residency-road/order,4.4,150,"Bakery, Desserts, Fast Food"
R295,Shanthi Sagar,https://www.zomato.com/bangalore/shanthi-sagar-ulsoor/order,4.1,150,"South Indian, North Indian, Chinese, Street Food, Desserts, Shake, Beverages"
R296,Vishnu Garden,https://www.zomato.com/bangalore/vishnu-garden-rt-nagar/order,4.2,150,"South Indian, North Indian, Chinese, Fast Food, Street Food, Ice Cream, Beverages, Shake"
R297,Lo! - Low Carb And Keto Foods,https://www.zomato.com/bangalore/lo-low-carb-and-keto-foods-domlur-bangalore/order,4,150,"Healthy Food, North Indian, Sandwich, Fast Food, Desserts"
R298,Home Plate by EatFit,https://www.zomato.com/bangalore/home-plate-by-eatfit-cunningham-road-bangalore/order,3.6,150,"North Indian, Beverages"
R299,FB Café By Frozen Bottle,https://www.zomato.com/bangalore/fb-café-by-frozen-bottle-shivajinagar-bangalore/order,3.7,150,Bakery
R300,Kabab Biryani Corner,https://www.zomato.com/bangalore/kabab-biryani-corner-richmond-road-bangalore/order,3.5,150,"Momos, Rolls, Chinese, South Indian, Kebab, North Indian, Biryani, Shawarma"
R301,Sri Vishnu Park,https://www.zomato.com/bangalore/sri-vishnu-park-btm/order,3.9,150,"South Indian, North Indian, Chinese, Biryani, Beverages, Desserts"
R302,Donne Biriyani House,https://www.zomato.com/bangalore/donne-biriyani-house-kammanahalli-bangalore/order,3.5,150,"Biryani, South Indian"
R303,Swiss Cream,https://www.zomato.com/bangalore/swiss-cream-shanti-nagar-bangalore/order,4.2,150,"Ice Cream, Waffle, Desserts, Sandwich, Shake, Beverages"
R304,Firangi Bake,https://www.zomato.com/bangalore/firangi-bake-1-shanti-nagar-bangalore/order,3.9,150,"Italian, Mexican"
R305,Keventers Ice Cream,https://www.zomato.com/bangalore/keventers-ice-cream-brigade-road-bangalore/order,4.3,150,"Ice Cream, Desserts"
R306,Charminar Biryani House,https://www.zomato.com/bangalore/charminar-biryani-house-1-btm-bangalore/order,4,150,"Biryani, North Indian, Chinese"
R307,Pure Veg Meals By LunchBox,https://www.zomato.com/bangalore/pure-veg-meals-by-lunchbox-shanti-nagar-bangalore/order,3.8,150,North Indian
R308,Tomba Kitchens,https://www.zomato.com/bangalore/tomba-kitchens-ejipura-bangalore/order,4.3,150,"Naga, Chinese, Beverages"
R309,Lulu Hypermarket,https://www.zomato.com/bangalore/lulu-hypermarket-rajajinagar-bangalore/order,3.8,150,"Arabian, North Indian, South Indian, Salad, Fast Food, Bakery"
R310,Al Taza,https://www.zomato.com/bangalore/al-taza-indiranagar-bangalore/order,4.3,150,"Shawarma, Lebanese"
R311,Sreenivasa Brahmins Bakery,https://www.zomato.com/bangalore/sreenivasa-brahmins-bakery-1-basavanagudi-bangalore/order,4.4,150,"Bakery, Desserts, Fast Food"
R312,Rolls Kitchen,https://www.zomato.com/bangalore/rolls-kitchen-langford-town-bangalore/order,4.2,150,"Rolls, Fast Food, Beverages"
R313,Sagar,https://www.zomato.com/bangalore/sagar-seshadripuram-bangalore/order,3.9,150,"North Indian, South Indian, Fast Food, Street Food, Chinese, Desserts, Shake, Beverages"
R314,Cafe Grill,https://www.zomato.com/bangalore/cafe-grill-jeevan-bhima-nagar/order,4,150,"Chinese, North Indian, Rolls"
R315,Hotel Fanoos,https://www.zomato.com/bangalore/hotel-fanoos-richmond-road-bangalore/order,3.9,150,"Rolls, Biryani, Fast Food, Arabian"
R316,Gokul Veg,https://www.zomato.com/bangalore/gokul-veg-basavanagudi/order,3.9,150,"North Indian, Chinese, Beverages, Desserts"
R317,Kedias Fun Food,https://www.zomato.com/bangalore/kedias-fun-food-jayanagar-bangalore/order,4.1,150,"North Indian, Street Food, Beverages"
R318,Al-Wahab Tandoori Restaurant,https://www.zomato.com/bangalore/al-wahab-tandoori-restaurant-hbr-layout-bangalore/order,4.2,150,"North Indian, Chinese, Arabian, Biryani, Rolls, Sichuan"
R319,Rolls N Snacks,https://www.zomato.com/bangalore/rolls-n-snacks-vijay-nagar-bangalore/order,3.6,150,"Street Food, Fast Food, Sandwich, Burger, Pizza, Shake, Beverages"
R320,ZAZA 22 Spice Biryani,https://www.zomato.com/bangalore/zaza-22-spice-biryani-shanti-nagar-bangalore/order,4,150,"Biryani, North Indian, Mughlai, Desserts, Beverages"
R321,Basaveshwarnagar Dosa Corner,https://www.zomato.com/bangalore/basaveshwarnagar-dosa-corner-basaveshwara-nagar/order,4.3,100,South Indian
R322,RollsKing,https://www.zomato.com/bangalore/rollsking-btm-bangalore/order,3.6,100,"Rolls, Fast Food, North Indian"
R323,Adiga's,https://www.zomato.com/bangalore/adigas-majestic-bangalore/order,3.6,100,"South Indian, North Indian, Chinese, Street Food, Desserts, Ice Cream, Beverages"
R324,RB Food Point,https://www.zomato.com/bangalore/rb-food-point-btm-bangalore/order,3.6,100,"North Indian, Chinese"
R325,Gowda's Biriyani Corner,https://www.zomato.com/bangalore/gowdas-biriyani-corner-vijay-nagar-bangalore/order,3.7,100,"South Indian, Biryani, North Indian"
R326,Brik Oven,https://www.zomato.com/bangalore/brik-oven-church-street/order,4.2,100,"Cafe, Italian, Fast Food, Desserts, Beverages, Shake"
R327,Shawarma 21,https://www.zomato.com/bangalore/shawarma-21-rajajinagar-bangalore/order,3.9,100,"Lebanese, Fast Food"
R328,Steve's Fast Food,https://www.zomato.com/bangalore/steves-fast-food-airport-road-bangalore/order,4.1,100,"Chinese, Momos, Seafood"
R329,Sweet Moments,https://www.zomato.com/bangalore/sweet-moments-1-kammanahalli-bangalore/order,4.1,100,"Mithai, Street Food, Ice Cream, Beverages"
R330,Zaatar,https://www.zomato.com/bangalore/zaatar-old-madras-road-bangalore/order,3.8,100,"BBQ, Arabian, Biryani, Chinese, North Indian, Mughlai, Desserts, Beverages"
R331,Arogya Ahaara,https://www.zomato.com/bangalore/arogya-ahaara-jp-nagar-bangalore/order,4,100,South Indian
R332,Shawarma Grill House,https://www.zomato.com/bangalore/shawarma-grill-house-rajajinagar-bangalore/order,3.9,100,"Chinese, Biryani, Mughlai, North Indian, Shake, Sichuan"
R333,Main Lassi Shop,https://www.zomato.com/bangalore/main-lassi-shop-shivajinagar-bangalore/order,3.7,150,"Beverages, Shake, Juices, Fast Food, Street Food, Sandwich, Ice Cream"
R334,Dragon's Kitchen,https://www.zomato.com/bangalore/dragons-kitchen-jayanagar-bangalore/order,3.9,150,"Chinese, Sichuan"
R335,Ghee And Turmeric,https://www.zomato.com/bangalore/ghee-and-turmeric-cunningham-road-bangalore/order,4.1,150,North Indian
R336,Shuchi Ruchi,https://www.zomato.com/bangalore/shuchi-ruchi-malleshwaram/order,3.8,150,"Chinese, North Indian, South Indian, Street Food, Fast Food"
R337,San Tung Chinese,https://www.zomato.com/bangalore/san-tung-chinese-malleshwaram-bangalore/order,4,150,"Chinese, Momos, Sichuan"
R338,Samosa Singh,https://www.zomato.com/bangalore/samosa-singh-basaveshwara-nagar-bangalore/order,3.7,150,"Street Food, Fast Food, Tea, North Indian"
R339,Hamza Hotel,https://www.zomato.com/bangalore/hamza-hotel-shivajinagar-bangalore/order,4.1,150,"North Indian, Chinese, Mughlai, Biryani, Rolls"
R340,The Tasty Planet,https://www.zomato.com/bangalore/the-tasty-planet-richmond-road-bangalore/order,4,150,"Fast Food, Salad, Sandwich, Street Food, Beverages, Juices, Shake"
R341,Burger Elite,https://www.zomato.com/bangalore/burger-elite-rajajinagar-bangalore/order,4.2,150,"Burger, Fast Food"
R342,Priyadarshini Veg,https://www.zomato.com/bangalore/priyadarshini-veg-yeshwantpur-bangalore/order,4.3,150,"North Indian, South Indian, Chinese, Street Food, Shake, Beverages"
R343,Sree Udupi Grand,https://www.zomato.com/bangalore/sree-udupi-grand-majestic-bangalore/order,4.1,150,"South Indian, North Indian, Chinese, Beverages, Shake"
R344,Chicken County Restaurant,https://www.zomato.com/bangalore/chicken-county-restaurant-1-bannerghatta-road-bangalore/order,4.2,150,"North Indian, Chinese, Mughlai, Seafood, Fast Food, Biryani, Beverages"
R345,Maharaja Military Canteen,https://www.zomato.com/bangalore/maharaja-military-canteen-cunningham-road-bangalore/order,3.8,200,South Indian
R346,Udupi Aatithya,https://www.zomato.com/bangalore/udupi-aatithya-basavanagudi-bangalore/order,4.1,200,"South Indian, North Indian, Chinese, Street Food, Fast Food, Beverages, Desserts"
R347,AB's - Absolute Barbecues,https://www.zomato.com/bangalore/abs-absolute-barbecues-koramangala-5th-block-bangalore/order,3.5,200,"BBQ, North Indian, Continental, Oriental, Seafood, Fast Food, Desserts"
R348,Brew Cafe,https://www.zomato.com/bangalore/brew-cafe-2-btm-bangalore/order,3.9,200,"Fast Food, Momos, Street Food, Ice Cream, Beverages"
R349,Nomad Pizza - Traveller Series,https://www.zomato.com/bangalore/nomad-pizza-traveller-series-indiranagar-bangalore/order,4.1,200,"Pizza, Italian"
R350,Punjabi Unplugged,https://www.zomato.com/bangalore/punjabi-unplugged-koramangala-7th-block-bangalore/order,3.6,200,"North Indian, Chinese, Kebab, Biryani, Mughlai"
R351,Mr. Shawarma & Miss Grills,https://www.zomato.com/bangalore/mr-shawarma-miss-grills-btm-bangalore/order,4,200,Lebanese
R352,Louis Burger,https://www.zomato.com/bangalore/louis-burger-indiranagar-bangalore/order,4.1,200,"Burger, Fast Food"
R353,Delhi Restaurant & Chaat,https://www.zomato.com/bangalore/delhi-restaurant-chaat-rt-nagar-bangalore/order,3.8,200,"North Indian, Chinese, Sichuan"
R354,Punjabi Dhaba,https://www.zomato.com/bangalore/punjabi-dhaba-indiranagar-bangalore/order,3.3,200,"North Indian, Mughlai, Chinese"
R355,Cheesecake & Co.,https://www.zomato.com/bangalore/cheesecake-co-koramangala-8th-block-bangalore/order,4.4,200,"Bakery, Desserts"
R356,Umpire Chicken County,https://www.zomato.com/bangalore/umpire-chicken-county-richmond-road-bangalore/order,3.5,200,"Rolls, Chinese, North Indian, Biryani"
R357,Simplee Shawarma,https://www.zomato.com/bangalore/simplee-shawarma-btm-bangalore/order,4,250,"Shawarma, Fast Food"
R358,The Ganache Factory,https://www.zomato.com/bangalore/the-ganache-factory-residency-road-bangalore/order,4.1,250,"Desserts, Bakery"
R359,Nammura Upachara,https://www.zomato.com/bangalore/nammura-upachara-basaveshwara-nagar/order,4.2,250,"South Indian, North Indian, Street Food, Chinese"
R360,Dum Biryani Adda,https://www.zomato.com/bangalore/dum-biryani-adda-1-jeevan-bhima-nagar-bangalore/order,4,250,"Biryani, North Indian"
R361,Pizza O' Clock,https://www.zomato.com/bangalore/pizza-o-clock-1-btm-bangalore/order,3.9,250,"Pizza, Fast Food"
R362,Boss Burger,https://www.zomato.com/bangalore/boss-burger-lavelle-road-bangalore/order,4,250,"Burger, Fast Food, American, Finger Food, Desserts, Beverages, Continental"
R363,Bansuri Sweets,https://www.zomato.com/bangalore/bansuri-sweets-vijay-nagar/order,3.9,250,"Mithai, North Indian, Street Food, Sandwich, Chinese"
R364,Shanthi Sagar,https://www.zomato.com/bangalore/shanthi-sagar-jp-nagar/order,3.7,250,"South Indian, North Indian, Chinese, Desserts, Beverages, Shake"
R365,Taste Of Tibet,https://www.zomato.com/bangalore/taste-of-tibet-brigade-road/order,4,250,"Chinese, Street Food, Momos, Sichuan"
R366,Tango Sandwich King,https://www.zomato.com/bangalore/tango-sandwich-king-basaveshwara-nagar-bangalore/order,4.2,250,"Sandwich, Fast Food, Street Food"
R367,Bombay Kulfis,https://www.zomato.com/bangalore/bombay-kulfis-1-shanti-nagar-bangalore/order,4,250,"Ice Cream, Desserts"
R368,Udupi Shanthi Sagar,https://www.zomato.com/bangalore/udupi-shanthi-sagar-frazer-town-bangalore/order,4.1,250,"North Indian, South Indian, Chinese, Street Food, Beverages"
R369,L. J. Iyengar's Bakery,https://www.zomato.com/bangalore/l-j-iyengars-bakery-basavanagudi-bangalore/order,3.6,50,"Bakery, Desserts"
R370,Motis Kitchen,https://www.zomato.com/bangalore/motis-kitchen-thippasandra/order,4.2,50,"South Indian, Kerala, Chinese, Seafood, Chettinad"
R371,SLV Corner Restaurant,https://www.zomato.com/bangalore/slv-corner-restaurant-basavanagudi/order,4.3,50,"South Indian, North Indian, Street Food, Chinese, Beverages, Desserts"
R372,Chichaba's Taj,https://www.zomato.com/bangalore/chichabas-taj-frazer-town/order,4,50,"North Indian, Mughlai, Biryani, Kebab, Seafood, Beverages"
R373,Twiststick House,https://www.zomato.com/bangalore/twiststick-house-basavanagudi-bangalore/order,3.9,50,"Chinese, Fast Food, Beverages"
R374,Milano Ice Cream,https://www.zomato.com/bangalore/milano-ice-cream-indiranagar/order,4.4,50,"Ice Cream, Desserts, Beverages, Shake"
R375,Kanti Bakes & Flakes,https://www.zomato.com/bangalore/kanti-bakes-flakes-rt-nagar-bangalore/order,4.3,50,"Bakery, Desserts, Mithai"
R376,Amul Ice Cream Parlour,https://www.zomato.com/bangalore/amul-ice-cream-parlour-btm-bangalore/order,4.5,50,"Ice Cream, Desserts, Beverages, Shake"
R377,Mangalore Kitchen,https://www.zomato.com/bangalore/mangalore-kitchen-1-jeevan-bhima-nagar-bangalore/order,3.8,50,"Street Food, Chinese"
R378,Udupi Kitchen,https://www.zomato.com/bangalore/udupi-kitchen-vijay-nagar/order,3.9,50,"South Indian, Chinese, Street Food, Desserts, Beverages, Shake, Sichuan"
R379,G 's Chinese Dragon,https://www.zomato.com/bangalore/g-s-chinese-dragon-1-seshadripuram-bangalore/order,3.4,50,"Chinese, Momos"
R380,Rang De Basanti Dhaba,https://www.zomato.com/bangalore/rang-de-basanti-dhaba-domlur-bangalore/order,3.6,50,"North Indian, Seafood, Mughlai, Desserts"
R381,Bombay Kulfi,https://www.zomato.com/bangalore/bombay-kulfi-shanti-nagar-bangalore/order,4.2,100,"Ice Cream, Desserts"
R382,Tibb's Frankie - Serving Rolls Since 1969,https://www.zomato.com/bangalore/tibbs-frankie-serving-rolls-since-1969-shivajinagar-bangalore/order,3.9,100,Rolls
R383,ITC Sunfeast Baked Creations,https://www.zomato.com/bangalore/itc-sunfeast-baked-creations-koramangala-7th-block-bangalore/order,4.4,100,"Bakery, Desserts, Fast Food"
R384,Mangalore Lunch Home,https://www.zomato.com/bangalore/mangalore-lunch-home-basaveshwara-nagar-bangalore/order,4,100,"Mangalorean, North Indian, Chinese, Biryani, South Indian"
R385,Donne Biriyani Mane,https://www.zomato.com/bangalore/donne-biriyani-mane-1-indiranagar/order,4,100,"Biryani, South Indian"
R386,Marwadi Chaat & Tiffin Services,https://www.zomato.com/bangalore/marwadi-chaat-tiffin-services-shanti-nagar-bangalore/order,3.7,100,"North Indian, Street Food, Chinese, Beverages"
R387,Lavonne,https://www.zomato.com/bangalore/lavonne-st-marks-road-bangalore/order,4.3,100,"Cafe, Fast Food, Bakery, Beverages, Desserts"
R388,Halli Mane Donne Biriyani,https://www.zomato.com/bangalore/halli-mane-donne-biriyani-rajajinagar-bangalore/order,4.1,100,"North Indian, Biryani, BBQ"
R389,Big Bang Pizza,https://www.zomato.com/bangalore/big-bang-pizza-3-frazer-town-bangalore/order,3.9,100,"Pizza, Pasta, Burger, Fast Food, Beverages"
R390,Protein Chef,https://www.zomato.com/bangalore/protein-chef-indiranagar-bangalore/order,4,100,"Sandwich, Rolls, North Indian"
R391,Simply Chats,https://www.zomato.com/bangalore/simply-chats-basaveshwara-nagar-bangalore/order,3.6,100,"Street Food, Sandwich, Ice Cream, Beverages"
R392,Burger It Up,https://www.zomato.com/bangalore/burger-it-up-vasanth-nagar-bangalore/order,3.9,100,"Burger, North Indian, Chinese, Desserts, Beverages"
R393,Hungry Bird,https://www.zomato.com/bangalore/hungry-bird-btm-bangalore/order,3.9,200,"Biryani, North Indian, Chinese, Rolls, Fast Food, Sichuan"
R394,Mallu Family Restaurant,https://www.zomato.com/bangalore/mallu-family-restaurant-btm-bangalore/order,3.7,200,"Arabian, Biryani, Chinese, South Indian, Beverages, Shake"
R395,Puneri Katta,https://www.zomato.com/bangalore/puneri-katta-btm-bangalore/order,4.2,200,"Maharashtrian, Street Food"
R396,Empire Juices and Desserts,https://www.zomato.com/bangalore/empire-juices-and-desserts-shivajinagar-bangalore/order,3.2,200,"Juices, Beverages, Shake, Ice Cream"
R397,TKS Iyengars,https://www.zomato.com/bangalore/tks-iyengars-1-basaveshwara-nagar-bangalore/order,4.2,200,South Indian
R398,Al Zara Mandi Arabian Restaurant,https://www.zomato.com/bangalore/al-zara-mandi-arabian-restaurant-frazer-town-bangalore/order,4.1,200,"Arabian, North Indian, Mughlai"
R399,C. K. Mega Hot Food,https://www.zomato.com/bangalore/c-k-mega-hot-food-btm/order,4,200,"Chinese, Seafood, Sichuan"
R400,Kwality Walls Frozen Dessert And Ice Cream Shop,https://www.zomato.com/bangalore/kwality-walls-frozen-dessert-and-ice-cream-shop-2-jayanagar-bangalore/order,4.3,200,"Ice Cream, Desserts"
R401,Kabab Manor,https://www.zomato.com/bangalore/kabab-manor-rt-nagar/order,4,200,"North Indian, Biryani, Fast Food, Chinese, Beverages"
R402,Orange Bake And Juice,https://www.zomato.com/bangalore/orange-bake-and-juice-btm-bangalore/order,4.1,200,"Bakery, Desserts"
R403,Singh Da Punjabi Dhaba,https://www.zomato.com/bangalore/singh-da-punjabi-dhaba-koramangala-7th-block-bangalore/order,3.6,200,"North Indian, Biryani"
R404,Kwality Wall’s Frozen Dessert and Ice Cream Shop,https://www.zomato.com/bangalore/kwality-walls-frozen-dessert-and-ice-cream-shop-nagawara-bangalore/order,4.5,200,"Ice Cream, Desserts"
R405,Eat N Drink,https://www.zomato.com/bangalore/eat-n-drink-btm/order,4.1,100,"Fast Food, Sandwich, Burger, Wraps, Rolls, Shake, Juices, Beverages"
R406,Burger Seigneur,https://www.zomato.com/bangalore/burger-seigneur-st-marks-road-bangalore/order,4.2,100,"Cafe, Burger, Continental, Beverages, Desserts"
R407,SLAY Coffee,https://www.zomato.com/bangalore/slay-coffee-indiranagar-bangalore/order,3.9,100,"Desserts, Coffee, Beverages, Pancake, Vietnamese, Cafe, Rolls, Wraps"
R408,Udupi Upachar,https://www.zomato.com/bangalore/udupi-upachar-banashankari-bangalore/order,3.8,100,"South Indian, North Indian, Chinese, Street Food, Sandwich, Shake, Beverages, Ice Cream"
R409,Le Arabia,https://www.zomato.com/bangalore/le-arabia-koramangala-5th-block-bangalore/order,3.4,100,"Arabian, North Indian, Chinese, Fast Food, Beverages, Desserts"
R410,Bangalikhana,https://www.zomato.com/bangalore/bangalikhana-koramangala-7th-block-bangalore/order,4.1,100,"Bengali, Seafood"
R411,Sukh Sagar,https://www.zomato.com/bangalore/sukh-sagar-majestic/order,4,100,"Chinese, Street Food, Fast Food, Desserts, Beverages, Shake, Sichuan"
R412,Udupi Food Point,https://www.zomato.com/bangalore/udupi-food-point-banaswadi-bangalore/order,3.8,100,"South Indian, Chinese"
R413,The Red Box,https://www.zomato.com/bangalore/the-red-box-indiranagar-bangalore/order,3.7,100,"Chinese, Thai, Sichuan, Momos"
R414,New Udupi Upahar,https://www.zomato.com/bangalore/new-udupi-upahar-1-jayanagar-bangalore/order,4,100,"South Indian, North Indian, Chinese, Street Food, Beverages, Shake"
R415,Nirula's,https://www.zomato.com/bangalore/nirulas-1-vasanth-nagar-bangalore/order,3.8,100,"Ice Cream, Momos, Desserts, Shake"
R416,Casino Restaurant,https://www.zomato.com/bangalore/casino-restaurant-new-bel-road-bangalore/order,3.9,100,"North Indian, Chinese, Beverages"
R417,KC Das,https://www.zomato.com/bangalore/kc-das-st-marks-road-bangalore/order,4.4,50,"Mithai, Street Food, Mishti, Bengali"
R418,Limelight - Royal Orchid Hotel,https://www.zomato.com/bangalore/limelight-royal-orchid-hotel-airport-road-bangalore/order,3.7,50,"Asian, Continental, North Indian, South Indian, Healthy Food, Beverages, Desserts"
R419,Smoky Docky,https://www.zomato.com/bangalore/smoky-docky-sanjay-nagar-bangalore/order,4.3,50,"Shawarma, Fast Food, Lebanese, Desserts, Beverages"
R420,Kolkata Famous Kathi Roll,https://www.zomato.com/bangalore/kolkata-famous-kathi-roll-2-btm-bangalore/order,4.2,50,Rolls
R421,Dawat Durbar,https://www.zomato.com/bangalore/dawat-durbar-shivajinagar-bangalore/order,3.7,50,"Mughlai, North Indian"
R422,Spicy Corner,https://www.zomato.com/bangalore/spicy-corner-jeevan-bhima-nagar/order,4.1,50,Chinese
R423,RS Shiv Sagar,https://www.zomato.com/bangalore/rs-shiv-sagar-mg-road/order,3.6,50,"North Indian, South Indian, Asian, Continental, Chinese, Beverages, Desserts"
R424,Just Cakes,https://www.zomato.com/bangalore/just-cakes-1-btm-bangalore/order,3.7,50,"Bakery, Desserts"
R425,Kekou,https://www.zomato.com/bangalore/kekou-hbr-layout-bangalore/order,3.9,50,"Chinese, Sichuan"
R426,Tibetan Mother's Kitchen,https://www.zomato.com/bangalore/tibetan-mothers-kitchen-koramangala-7th-block/order,3.9,50,"Tibetan, Chinese, Asian, Momos, Sichuan"
R427,Itminaan Matka Biryani - Slow Cooked,https://www.zomato.com/bangalore/itminaan-matka-biryani-slow-cooked-shanti-nagar-bangalore/order,4.1,50,"Biryani, North Indian, Mughlai, Desserts, Beverages"
R428,Mainland China,https://www.zomato.com/bangalore/mainland-china-koramangala-7th-block-bangalore/order,3.9,50,"Chinese, Momos, Thai, Asian, Seafood, Sushi, Beverages"
R429,No.10 Fort Cochin,https://www.zomato.com/bangalore/no-10-fort-cochin-st-marks-road-bangalore/order,3.9,200,"Kerala, Seafood, Biryani, Chinese, Beverages, Desserts"
R430,Aligarh House- Mughlai Biryani,https://www.zomato.com/bangalore/aligarh-house-mughlai-biryani-cunningham-road-bangalore/order,4,200,"Biryani, Mughlai, Kebab, North Indian, Lucknowi, Fast Food, Beverages, Desserts"
R431,Rumi,https://www.zomato.com/bangalore/rumi-indiranagar-bangalore/order,4,200,"Awadhi, Mughlai, North Indian, Kebab, Desserts"
R432,Chaitra Restaurant,https://www.zomato.com/bangalore/chaitra-restaurant-kalyan-nagar-bangalore/order,3.8,200,"North Indian, Chinese, Andhra, Biryani, Seafood, Fast Food, South Indian"
R433,Lassi Shop,https://www.zomato.com/bangalore/lassi-shop-banashankari-bangalore/order,4,200,"Beverages, Ice Cream, Desserts, Shake, Juices"
R434,Malabar Bay,https://www.zomato.com/bangalore/malabar-bay-btm/order,3.5,200,"Kerala, Seafood, North Indian, Biryani, Chinese, Beverages, Shake, Desserts"
R435,Punjabi Dhaba,https://www.zomato.com/bangalore/punjabi-dhaba-majestic/order,4.2,200,"North Indian, Chinese, Mughlai"
R436,Hotel Aasare,https://www.zomato.com/bangalore/hotel-aasare-yeshwantpur-bangalore/order,4.2,200,"Chettinad, Kerala, Seafood"
R437,Shiv Sagar,https://www.zomato.com/bangalore/shiv-sagar-1-banaswadi-bangalore/order,3.6,200,"South Indian, North Indian, Oriental, Street Food, Desserts, Beverages, Shake"
R438,BigBites,https://www.zomato.com/bangalore/bigbites-seshadripuram-bangalore/order,4,200,"Fast Food, Momos, Street Food"
R439,Kolkata Famous Kati Roll,https://www.zomato.com/bangalore/kolkata-famous-kati-roll-basaveshwara-nagar-bangalore/order,4.1,200,Rolls
R440,Bangarpete Chats,https://www.zomato.com/bangalore/bangarpete-chats-basaveshwara-nagar-bangalore/order,3.6,200,Street Food
R441,Boba Tree,https://www.zomato.com/bangalore/boba-tree-1-indiranagar-bangalore/order,3.7,250,"Cafe, Beverages, Bubble Tea, Pizza, Burger, Fast Food, Desserts"
R442,Nagarjuna Chimney,https://www.zomato.com/bangalore/nagarjuna-chimney-jayanagar/order,4.3,250,"Andhra, Biryani, North Indian, Beverages"
R443,Akram Hotel,https://www.zomato.com/bangalore/akram-hotel-kumaraswamy-layout-bangalore/order,3.3,250,"South Indian, Biryani, Mughlai"
R444,Vinny's,https://www.zomato.com/bangalore/vinnys-banashankari/order,3.8,250,"Cafe, Italian, Continental, Pizza, Beverages, Desserts"
R445,Click & Orders,https://www.zomato.com/bangalore/click-orders-koramangala-2nd-block-bangalore/order,3.8,250,"North Indian, Chinese, Fast Food"
R446,Ghee Tadka Khichdi,https://www.zomato.com/bangalore/ghee-tadka-khichdi-seshadripuram-bangalore/order,4,250,North Indian
R447,Hotel Sanman,https://www.zomato.com/bangalore/hotel-sanman-basavanagudi-bangalore/order,4.3,250,South Indian
R448,Ambur Dum Biryani,https://www.zomato.com/bangalore/ambur-dum-biryani-indiranagar-bangalore/order,3.7,250,"Biryani, Beverages"
R449,Iyengars Bakery,https://www.zomato.com/bangalore/iyengars-bakery-vijay-nagar-bangalore/order,4.1,250,"Bakery, Desserts, Mithai, Fast Food"
R450,Royal Treat,https://www.zomato.com/bangalore/royal-treat-koramangala-5th-block/order,4.1,250,"North Indian, Chinese, Biryani"
R451,Karama Restaurant,https://www.zomato.com/bangalore/karama-restaurant-frazer-town/order,3.9,250,"Arabian, Mughlai, Seafood, North Indian, Kashmiri, Biryani, Desserts"
R452,Khaomomo,https://www.zomato.com/bangalore/khaomomo-domlur-bangalore/order,4.2,250,"Momos, Chinese, Tibetan"
R453,Lakeview Milkbar,https://www.zomato.com/bangalore/lakeview-milkbar-mg-road/order,4.1,200,"Desserts, Cafe, Fast Food, Sandwich, Burger, Ice Cream, Shake"
R454,Rolls & Bowls Company,https://www.zomato.com/bangalore/rolls-bowls-company-hosur-road-bangalore/order,3.6,200,"Rolls, North Indian, Chinese, Fast Food, Sichuan"
R455,Carols Pastries & Bakers,https://www.zomato.com/bangalore/carols-pastries-bakers-vasanth-nagar-bangalore/order,4,200,"Bakery, Desserts"
R456,1522 - The Pub,https://www.zomato.com/bangalore/1522-the-pub-residency-road-bangalore/order,4.1,200,"Chinese, North Indian, Continental, Finger Food, Seafood, Beverages"
R457,Savji's Roll 'N' Biryani,https://www.zomato.com/bangalore/savjis-roll-n-biryani-vijay-nagar/order,4,200,"North Indian, Chinese, South Indian, Rolls, Biryani, Sandwich, Burger, Fast Food"
R458,Lassi Shop,https://www.zomato.com/bangalore/lassi-shop-2-rt-nagar-bangalore/order,3.7,200,"Beverages, Juices, Desserts, Ice Cream"
R459,Ande Ka Funda,https://www.zomato.com/bangalore/ande-ka-funda-1-jp-nagar-bangalore/order,4.2,200,"North Indian, Rolls"
R460,Shrinidhi Military Hotel,https://www.zomato.com/bangalore/shrinidhi-military-hotel-basavanagudi/order,3.8,200,"South Indian, Biryani"
R461,New Agarwal Bhavan,https://www.zomato.com/bangalore/new-agarwal-bhavan-sanjay-nagar-bangalore/order,4.1,200,"Mithai, Street Food"
R462,Bangarpet Chats,https://www.zomato.com/bangalore/bangarpet-chats-btm-bangalore/order,4.2,200,Street Food
R463,Veena Stores,https://www.zomato.com/bangalore/veena-stores-malleshwaram/order,4.4,200,South Indian
R464,The Bangalore Creamery,https://www.zomato.com/bangalore/the-bangalore-creamery-indiranagar-bangalore/order,4,200,"Ice Cream, Desserts, Beverages, Shake, Waffle"
R465,7th Heaven,https://www.zomato.com/bangalore/7th-heaven-basaveshwara-nagar-bangalore/order,3.7,100,"Bakery, Desserts"
R466,NH8,https://www.zomato.com/bangalore/nh8-indiranagar/order,3.9,100,"North Indian, Beverages"
R467,Burnout Cafe,https://www.zomato.com/bangalore/burnout-cafe-infantry-road-bangalore/order,3.3,100,"Cafe, Beverages, Continental, Italian, Chinese, Fast Food, Asian, Desserts"
R468,Tenzin Kitchen,https://www.zomato.com/bangalore/tenzin-kitchen-koramangala-7th-block/order,4.1,100,"Tibetan, Chinese, Sichuan"
R469,Green Pepper,https://www.zomato.com/bangalore/green-pepper-jeevan-bhima-nagar/order,4,100,"Kerala, Biryani, North Indian, South Indian, Seafood, Chinese, Sichuan"
R470,Thalassery Cafe,https://www.zomato.com/bangalore/thalassery-cafe-1-kammanahalli-bangalore/order,3.6,100,"Fast Food, Street Food"
R471,Roti Sabji.Com,https://www.zomato.com/bangalore/roti-sabji-com-1-btm-bangalore/order,3.4,100,"North Indian, Beverages, Rajasthani, Shake"
R472,The Tea Brewery,https://www.zomato.com/bangalore/the-tea-brewery-2-koramangala-1st-block-bangalore/order,4.3,100,"Tea, Fast Food, Beverages"
R473,Eliza Momos,https://www.zomato.com/bangalore/eliza-momos-hbr-layout-bangalore/order,3.9,100,"Chinese, Momos, Sichuan"
R474,SGS Non Veg - Gundu Pulav,https://www.zomato.com/bangalore/sgs-non-veg-gundu-pulav-city-market-bangalore/order,4.6,100,South Indian
R475,Mad On Momos,https://www.zomato.com/bangalore/mad-on-momos-banashankari-bangalore/order,4.1,100,Momos
R476,Kunafa World,https://www.zomato.com/bangalore/kunafa-world-sanjay-nagar-bangalore/order,4.5,100,Desserts
R477,Samovar,https://www.zomato.com/bangalore/samovar-kammanahalli/order,3.9,150,"Kerala, South Indian, Chinese"
R478,Richie Rich,https://www.zomato.com/bangalore/richie-rich-race-course-road-bangalore/order,4.2,150,"Desserts, Beverages, Fast Food, Ice Cream, Shake"
R479,Wat-a-Burger! - India ka Burger,https://www.zomato.com/bangalore/wat-a-burger-india-ka-burger-koramangala-5th-block-bangalore/order,3.6,150,"Burger, Shake"
R480,Cafe Azzure,https://www.zomato.com/bangalore/cafe-azzure-mg-road/order,4,150,"Cafe, Continental, Fast Food, Italian, Mexican, Beverages, Desserts"
R481,Gullu's Chat,https://www.zomato.com/bangalore/gullus-chat-seshadripuram/order,3.9,150,"Fast Food, Street Food, Sandwich, Pizza, Desserts, Beverages"
R482,Simpli Namdhari's,https://www.zomato.com/bangalore/simpli-namdharis-1-brigade-road-bangalore/order,3.1,150,"Asian, Fast Food, Chinese, North Indian, Beverages, Salad"
R483,Aramane Donne Biriyani,https://www.zomato.com/bangalore/aramane-donne-biriyani-koramangala-8th-block-bangalore/order,4.1,150,"Biryani, North Indian, South Indian, Andhra, Seafood, Chinese"
R484,Thottathil Food House,https://www.zomato.com/bangalore/thottathil-food-house-btm-bangalore/order,3.7,150,"Kerala, South Indian, Biryani, Shake, Juices, Beverages"
R485,Giani Ice Creams,https://www.zomato.com/bangalore/giani-ice-creams-koramangala-5th-block-bangalore/order,3.9,150,"Ice Cream, Desserts, Shake, Beverages"
R486,Oh My Shawarma,https://www.zomato.com/bangalore/oh-my-shawarma-koramangala-6th-block-bangalore/order,4,150,Lebanese
R487,Karavali Family Restaurant,https://www.zomato.com/bangalore/karavali-family-restaurant-brigade-road-bangalore/order,4,150,"Mangalorean, Biryani, Chinese, South Indian, Mughlai, Seafood, North Indian"
R488,Taj Hotel,https://www.zomato.com/bangalore/taj-hotel-shivajinagar/order,4,150,"Chinese, South Indian, North Indian, Mughlai"
R489,Sheesh Kebab,https://www.zomato.com/bangalore/sheesh-kebab-frazer-town-bangalore/order,3.9,250,"Kebab, Iranian, Mughlai, Biryani, Rolls, Desserts"
R490,Church Street Social,https://www.zomato.com/ChurchStreetSocial/order,4,250,"North Indian, Chinese, Biryani, Pasta, Burger, Pizza, Kebab"
R491,No Sugar Please!,https://www.zomato.com/bangalore/no-sugar-please-hosur-road-bangalore/order,4.4,250,"Beverages, Juices, Healthy Food"
R492,Art of Delight,https://www.zomato.com/bangalore/art-of-delight-residency-road/order,4.3,250,"Ice Cream, Desserts, Waffle, Beverages"
R493,The Sip Shop,https://www.zomato.com/bangalore/the-sip-shop-city-market-bangalore/order,3.8,250,"Fast Food, Ice Cream, Desserts, Beverages, Shake"
R494,Say Cheese Cake,https://www.zomato.com/bangalore/say-cheese-cake-koramangala-6th-block-bangalore/order,4.1,250,"Bakery, Desserts, Shake"
R495,Karnataka State Co-Operative Fisheries Federation Mysore,https://www.zomato.com/bangalore/karnataka-state-co-operative-fisheries-federation-mysore-jayanagar-bangalore/order,4,250,Seafood
R496,Mizo Kitchen,https://www.zomato.com/bangalore/mizo-kitchen-koramangala-5th-block-bangalore/order,4.1,250,"North Eastern, Chinese"
R497,The Chaat Cult,https://www.zomato.com/bangalore/the-chaat-cult-basavanagudi-bangalore/order,3.3,250,"Street Food, North Indian, Desserts"
R498,Prezzed Juicery,https://www.zomato.com/bangalore/prezzed-juicery-airport-road-bangalore/order,4.5,250,"Healthy Food, Juices"
R499,OOttupura,https://www.zomato.com/bangalore/oottupura-btm-bangalore/order,4.2,250,"Kerala, South Indian, Seafood, Chinese"
R500,VFC Food Palace,https://www.zomato.com/bangalore/vfc-food-palace-rt-nagar-bangalore/order,4.1,250,"North Indian, Chinese, Lebanese, Biryani, Fast Food, Sichuan"
R501,The Pastry House,https://www.zomato.com/bangalore/the-pastry-house-wilson-garden-bangalore/order,4.1,100,Bakery
R502,Zwarma,https://www.zomato.com/bangalore/zwarma-domlur-bangalore/order,3.5,100,"Shawarma, Rolls, Sandwich, Burger, Fast Food"
R503,Mane Holige,https://www.zomato.com/bangalore/mane-holige-1-koramangala-6th-block-bangalore/order,4.6,100,Mithai
R504,Odia Khaiba,https://www.zomato.com/bangalore/odia-khaiba-airport-road-bangalore/order,3.8,100,"Odia, North Indian, Chinese, Seafood, Sichuan"
R505,Sabari Juice Junction,https://www.zomato.com/bangalore/sabari-juice-junction-jeevan-bhima-nagar/order,4.1,100,"Beverages, Sandwich, Juices, Shake"
R506,Awesome Foods,https://www.zomato.com/bangalore/awesome-foods-btm-bangalore/order,4,100,"Biryani, North Indian"
R507,The Baklava Company,https://www.zomato.com/bangalore/the-baklava-company-mg-road-bangalore/order,4,100,"Mithai, Desserts"
R508,Santhanam Sweets & Savouries,https://www.zomato.com/bangalore/santhanam-sweets-savouries-commercial-street-bangalore/order,4.4,100,"Mithai, Street Food"
R509,Ashirvaad Grand,https://www.zomato.com/bangalore/ashirvaad-grand-btm/order,4.1,100,"South Indian, Beverages"
R510,PVR Café,https://www.zomato.com/bangalore/pvr-café-koramangala-7th-block-bangalore/order,3.5,100,"Fast Food, Momos, Beverages"
R511,Savitha Family Restaurant,https://www.zomato.com/bangalore/savitha-family-restaurant-koramangala-4th-block/order,3.7,100,"North Indian, Chinese, Seafood, Mughlai, Desserts, Beverages, Sichuan"
R512,Hatti Kaapi,https://www.zomato.com/bangalore/hatti-kaapi-basavanagudi-bangalore/order,3.5,100,"Beverages, Fast Food, Coffee"
R513,Big Chicken,https://www.zomato.com/bangalore/big-chicken-kammanahalli/order,4.1,150,"Burger, Sandwich, Rolls, Wraps, Beverages, Shake"
R514,Sarangi,https://www.zomato.com/bangalore/sarangi-rajajinagar-bangalore/order,3.4,150,"North Indian, South Indian, Chinese, Biryani"
R515,Starboy Pizza & Shakes,https://www.zomato.com/bangalore/starboy-pizza-shakes-koramangala-7th-block-bangalore/order,3.2,150,"Pizza, Italian, Desserts, Beverages"
R516,Mini Samrat Chalukya,https://www.zomato.com/bangalore/mini-samrat-chalukya-vasanth-nagar-bangalore/order,4.1,150,"South Indian, North Indian, Chinese"
R517,S M V Snacks Corner,https://www.zomato.com/bangalore/s-m-v-snacks-corner-basavanagudi/order,4.1,150,"Fast Food, Street Food, Ice Cream, Desserts, Sichuan"
R518,Just Bake - Cakes & Confectioners,https://www.zomato.com/bangalore/just-bake-cakes-confectioners-btm-bangalore/order,3.3,150,"Bakery, Desserts"
