,cuisine,c,restaurant_address,address
0,69,Arabian,65,"Vijay Nagar, Bangalore"
1,9, Biryani,65,"Vijay Nagar, Bangalore"
2,44, North Indian,65,"Vijay Nagar, Bangalore"
3,15, Chinese,65,"Vijay Nagar, Bangalore"
4,20, Fast Food,65,"Vijay Nagar, Bangalore"
5,57, Sichuan,65,"Vijay Nagar, Bangalore"
6,80,Chinese,57,"Shanti Nagar, Bangalore"
7,44, North Indian,57,"Shanti Nagar, Bangalore"
8,43, Mughlai,57,"Shanti Nagar, Bangalore"
9,73,Bakery,64,"Vasanth Nagar, Bangalore"
10,18, Desserts,64,"Vasanth Nagar, Bangalore"
11,77,Burger,60,"St. Marks Road, Bangalore"
12,1, American,60,"St. Marks Road, Bangalore"
13,6, Bakery,60,"St. Marks Road, Bangalore"
14,28, Italian,60,"St. Marks Road, Bangalore"
15,45, Oriental,60,"St. Marks Road, Bangalore"
16,17, Continental,60,"St. Marks Road, Bangalore"
17,8, Beverages,60,"St. Marks Road, Bangalore"
18,18, Desserts,60,"St. Marks Road, Bangalore"
19,77,Burger,38,"MG Road, Bangalore"
20,20, Fast Food,38,"MG Road, Bangalore"
21,101,North Indian,33,"Koramangala 7th Block, Bangalore"
22,50, Rajasthani,33,"Koramangala 7th Block, Bangalore"
23,20, Fast Food,33,"Koramangala 7th Block, Bangalore"
24,41, Mithai,33,"Koramangala 7th Block, Bangalore"
25,8, Beverages,33,"Koramangala 7th Block, Bangalore"
26,18, Desserts,33,"Koramangala 7th Block, Bangalore"
27,101,North Indian,62,"UB City, Bangalore"
28,5, BBQ,62,"UB City, Bangalore"
29,9, Biryani,62,"UB City, Bangalore"
30,43, Mughlai,62,"UB City, Bangalore"
31,54, Seafood,62,"UB City, Bangalore"
32,8, Beverages,62,"UB City, Bangalore"
33,18, Desserts,62,"UB City, Bangalore"
34,101,North Indian,42,"Nagawara, Bangalore"
35,15, Chinese,42,"Nagawara, Bangalore"
36,3, Arabian,42,"Nagawara, Bangalore"
37,43, Mughlai,42,"Nagawara, Bangalore"
38,104,Pizza,57,"Shanti Nagar, Bangalore"
39,28, Italian,57,"Shanti Nagar, Bangalore"
40,48, Pasta,57,"Shanti Nagar, Bangalore"
41,20, Fast Food,57,"Shanti Nagar, Bangalore"
42,18, Desserts,57,"Shanti Nagar, Bangalore"
46,8, Beverages,57,"Shanti Nagar, Bangalore"
47,77,Burger,8,"Brigade Road, Bangalore"
48,20, Fast Food,8,"Brigade Road, Bangalore"
49,9, Biryani,8,"Brigade Road, Bangalore"
50,18, Desserts,8,"Brigade Road, Bangalore"
51,8, Beverages,8,"Brigade Road, Bangalore"
52,101,North Indian,58,"Shivajinagar, Bangalore"
53,9, Biryani,58,"Shivajinagar, Bangalore"
54,32, Kebab,58,"Shivajinagar, Bangalore"
55,15, Chinese,58,"Shivajinagar, Bangalore"
56,58, South Indian,58,"Shivajinagar, Bangalore"
57,43, Mughlai,58,"Shivajinagar, Bangalore"
58,8, Beverages,58,"Shivajinagar, Bangalore"
59,77,Burger,12,"Commercial Street, Bangalore"
60,20, Fast Food,12,"Commercial Street, Bangalore"
61,18, Desserts,12,"Commercial Street, Bangalore"
62,8, Beverages,12,"Commercial Street, Bangalore"
63,76,Biryani,51,"Residency Road, Bangalore"
64,2, Andhra,51,"Residency Road, Bangalore"
65,44, North Indian,51,"Residency Road, Bangalore"
66,54, Seafood,51,"Residency Road, Bangalore"
67,83,Fast Food,58,"Shivajinagar, Bangalore"
68,51, Rolls,58,"Shivajinagar, Bangalore"
69,11, Burger,58,"Shivajinagar, Bangalore"
70,96,Mithai,8,"Brigade Road, Bangalore"
72,59, Street Food,8,"Brigade Road, Bangalore"
73,77,Burger,16,"Frazer Town, Bangalore"
74,20, Fast Food,16,"Frazer Town, Bangalore"
75,66, Wraps,16,"Frazer Town, Bangalore"
76,59, Street Food,16,"Frazer Town, Bangalore"
77,8, Beverages,16,"Frazer Town, Bangalore"
78,104,Pizza,41,"Mantri Square, Malleshwaram, Bangalore"
79,48, Pasta,41,"Mantri Square, Malleshwaram, Bangalore"
80,53, Sandwich,41,"Mantri Square, Malleshwaram, Bangalore"
81,20, Fast Food,41,"Mantri Square, Malleshwaram, Bangalore"
82,18, Desserts,41,"Mantri Square, Malleshwaram, Bangalore"
83,8, Beverages,41,"Mantri Square, Malleshwaram, Bangalore"
84,85,Ice Cream,6,"Basavanagudi, Bangalore"
85,8, Beverages,6,"Basavanagudi, Bangalore"
86,55, Shake,6,"Basavanagudi, Bangalore"
87,83,Fast Food,8,"Brigade Road, Bangalore"
88,53, Sandwich,8,"Brigade Road, Bangalore"
90,98,Mughlai,40,"Malleshwaram, Bangalore"
91,3, Arabian,40,"Malleshwaram, Bangalore"
92,44, North Indian,40,"Malleshwaram, Bangalore"
93,15, Chinese,40,"Malleshwaram, Bangalore"
94,54, Seafood,40,"Malleshwaram, Bangalore"
95,104,Pizza,6,"Basavanagudi, Bangalore"
96,28, Italian,6,"Basavanagudi, Bangalore"
97,111,South Indian,57,"Shanti Nagar, Bangalore"
98,59, Street Food,57,"Shanti Nagar, Bangalore"
100,15, Chinese,57,"Shanti Nagar, Bangalore"
104,85,Ice Cream,51,"Residency Road, Bangalore"
105,18, Desserts,51,"Residency Road, Bangalore"
106,55, Shake,51,"Residency Road, Bangalore"
107,76,Biryani,20,"Indiranagar, Bangalore"
108,2, Andhra,20,"Indiranagar, Bangalore"
109,44, North Indian,20,"Indiranagar, Bangalore"
110,15, Chinese,20,"Indiranagar, Bangalore"
111,43, Mughlai,20,"Indiranagar, Bangalore"
112,58, South Indian,20,"Indiranagar, Bangalore"
113,18, Desserts,20,"Indiranagar, Bangalore"
114,8, Beverages,20,"Indiranagar, Bangalore"
115,90,Kerala,27,"Kammanahalli, Bangalore"
116,44, North Indian,27,"Kammanahalli, Bangalore"
117,15, Chinese,27,"Kammanahalli, Bangalore"
118,35, Lebanese,27,"Kammanahalli, Bangalore"
119,9, Biryani,27,"Kammanahalli, Bangalore"
120,25, Ice Cream,27,"Kammanahalli, Bangalore"
121,8, Beverages,27,"Kammanahalli, Bangalore"
122,73,Bakery,32,"Koramangala 6th Block, Bangalore"
123,25, Ice Cream,32,"Koramangala 6th Block, Bangalore"
124,83,Fast Food,24,"Jayanagar, Bangalore"
125,59, Street Food,24,"Jayanagar, Bangalore"
126,37, Maharashtrian,24,"Jayanagar, Bangalore"
127,51, Rolls,24,"Jayanagar, Bangalore"
128,25, Ice Cream,24,"Jayanagar, Bangalore"
129,101,North Indian,6,"Basavanagudi, Bangalore"
130,32, Kebab,6,"Basavanagudi, Bangalore"
131,24, Hyderabadi,6,"Basavanagudi, Bangalore"
132,43, Mughlai,6,"Basavanagudi, Bangalore"
133,15, Chinese,6,"Basavanagudi, Bangalore"
134,51, Rolls,6,"Basavanagudi, Bangalore"
135,83,Fast Food,50,"Rajajinagar, Bangalore"
136,11, Burger,50,"Rajajinagar, Bangalore"
137,49, Pizza,50,"Rajajinagar, Bangalore"
138,81,Continental,52,"Richmond Road, Bangalore"
139,23, Healthy Food,52,"Richmond Road, Bangalore"
140,20, Fast Food,52,"Richmond Road, Bangalore"
141,11, Burger,52,"Richmond Road, Bangalore"
142,53, Sandwich,52,"Richmond Road, Bangalore"
143,15, Chinese,52,"Richmond Road, Bangalore"
144,48, Pasta,52,"Richmond Road, Bangalore"
145,8, Beverages,52,"Richmond Road, Bangalore"
149,73,Bakery,63,"Ulsoor, Bangalore"
150,97,Momos,10,"Church Street, Bangalore"
151,20, Fast Food,10,"Church Street, Bangalore"
152,63, Tibetan,10,"Church Street, Bangalore"
153,94,Mexican,17,"Garuda Mall, Magrath Road, Bangalore"
154,66, Wraps,17,"Garuda Mall, Magrath Road, Bangalore"
155,20, Fast Food,17,"Garuda Mall, Magrath Road, Bangalore"
161,77,Burger,57,"Shanti Nagar, Bangalore"
163,1, American,57,"Shanti Nagar, Bangalore"
166,8, Beverages,64,"Vasanth Nagar, Bangalore"
169,84,Healthy Food,13,"Cunningham Road, Bangalore"
170,44, North Indian,13,"Cunningham Road, Bangalore"
171,49, Pizza,13,"Cunningham Road, Bangalore"
172,11, Burger,13,"Cunningham Road, Bangalore"
173,48, Pasta,13,"Cunningham Road, Bangalore"
174,9, Biryani,13,"Cunningham Road, Bangalore"
175,15, Chinese,13,"Cunningham Road, Bangalore"
176,8, Beverages,13,"Cunningham Road, Bangalore"
177,83,Fast Food,65,"Vijay Nagar, Bangalore"
179,59, Street Food,65,"Vijay Nagar, Bangalore"
180,11, Burger,65,"Vijay Nagar, Bangalore"
181,49, Pizza,65,"Vijay Nagar, Bangalore"
182,8, Beverages,65,"Vijay Nagar, Bangalore"
183,25, Ice Cream,65,"Vijay Nagar, Bangalore"
184,84,Healthy Food,62,"UB City, Bangalore"
185,53, Sandwich,62,"UB City, Bangalore"
186,66, Wraps,62,"UB City, Bangalore"
187,52, Salad,62,"UB City, Bangalore"
188,20, Fast Food,62,"UB City, Bangalore"
190,106,Rolls,57,"Shanti Nagar, Bangalore"
192,66, Wraps,57,"Shanti Nagar, Bangalore"
194,96,Mithai,12,"Commercial Street, Bangalore"
195,59, Street Food,12,"Commercial Street, Bangalore"
198,76,Biryani,63,"Ulsoor, Bangalore"
199,32, Kebab,63,"Ulsoor, Bangalore"
200,68,Andhra,60,"St. Marks Road, Bangalore"
201,9, Biryani,60,"St. Marks Road, Bangalore"
202,58, South Indian,60,"St. Marks Road, Bangalore"
203,44, North Indian,60,"St. Marks Road, Bangalore"
204,15, Chinese,60,"St. Marks Road, Bangalore"
205,43, Mughlai,60,"St. Marks Road, Bangalore"
208,76,Biryani,16,"Frazer Town, Bangalore"
209,43, Mughlai,16,"Frazer Town, Bangalore"
210,32, Kebab,16,"Frazer Town, Bangalore"
211,0, Afghan,16,"Frazer Town, Bangalore"
214,18, Desserts,16,"Frazer Town, Bangalore"
215,85,Ice Cream,16,"Frazer Town, Bangalore"
216,112,Street Food,8,"Brigade Road, Bangalore"
217,61, Tea,8,"Brigade Road, Bangalore"
218,90,Kerala,2,"BTM, Bangalore"
219,15, Chinese,2,"BTM, Bangalore"
220,58, South Indian,2,"BTM, Bangalore"
221,3, Arabian,2,"BTM, Bangalore"
222,30, Juices,2,"BTM, Bangalore"
223,8, Beverages,2,"BTM, Bangalore"
224,55, Shake,2,"BTM, Bangalore"
225,98,Mughlai,51,"Residency Road, Bangalore"
227,9, Biryani,51,"Residency Road, Bangalore"
228,15, Chinese,51,"Residency Road, Bangalore"
230,25, Ice Cream,51,"Residency Road, Bangalore"
232,8, Beverages,51,"Residency Road, Bangalore"
233,111,South Indian,39,"Majestic, Bangalore"
234,44, North Indian,39,"Majestic, Bangalore"
235,15, Chinese,39,"Majestic, Bangalore"
236,53, Sandwich,39,"Majestic, Bangalore"
237,59, Street Food,39,"Majestic, Bangalore"
238,25, Ice Cream,39,"Majestic, Bangalore"
239,55, Shake,39,"Majestic, Bangalore"
240,8, Beverages,39,"Majestic, Bangalore"
241,75,Beverages,51,"Residency Road, Bangalore"
243,30, Juices,51,"Residency Road, Bangalore"
246,11, Burger,51,"Residency Road, Bangalore"
247,20, Fast Food,51,"Residency Road, Bangalore"
248,104,Pizza,50,"Rajajinagar, Bangalore"
250,20, Fast Food,50,"Rajajinagar, Bangalore"
251,113,Tea,10,"Church Street, Bangalore"
252,8, Beverages,10,"Church Street, Bangalore"
253,55, Shake,10,"Church Street, Bangalore"
255,51, Rolls,10,"Church Street, Bangalore"
256,18, Desserts,10,"Church Street, Bangalore"
257,16, Coffee,10,"Church Street, Bangalore"
258,111,South Indian,2,"BTM, Bangalore"
259,9, Biryani,2,"BTM, Bangalore"
264,106,Rolls,13,"Cunningham Road, Bangalore"
265,20, Fast Food,13,"Cunningham Road, Bangalore"
267,80,Chinese,52,"Richmond Road, Bangalore"
268,4, Asian,52,"Richmond Road, Bangalore"
269,62, Thai,52,"Richmond Road, Bangalore"
270,54, Seafood,52,"Richmond Road, Bangalore"
271,38, Malaysian,52,"Richmond Road, Bangalore"
272,85,Ice Cream,66,"Wilson Garden, Bangalore"
273,18, Desserts,66,"Wilson Garden, Bangalore"
274,85,Ice Cream,60,"St. Marks Road, Bangalore"
276,55, Shake,60,"St. Marks Road, Bangalore"
277,94,Mexican,59,"Sigma Mall, Cunningham Road, Bangalore"
278,20, Fast Food,59,"Sigma Mall, Cunningham Road, Bangalore"
279,8, Beverages,59,"Sigma Mall, Cunningham Road, Bangalore"
280,76,Biryani,57,"Shanti Nagar, Bangalore"
281,32, Kebab,57,"Shanti Nagar, Bangalore"
282,24, Hyderabadi,57,"Shanti Nagar, Bangalore"
283,36, Lucknowi,57,"Shanti Nagar, Bangalore"
284,77,Burger,14,"Domlur, Bangalore"
285,53, Sandwich,14,"Domlur, Bangalore"
286,20, Fast Food,14,"Domlur, Bangalore"
287,66, Wraps,14,"Domlur, Bangalore"
288,9, Biryani,14,"Domlur, Bangalore"
289,8, Beverages,14,"Domlur, Bangalore"
290,18, Desserts,14,"Domlur, Bangalore"
291,111,South Indian,38,"MG Road, Bangalore"
292,59, Street Food,38,"MG Road, Bangalore"
293,15, Chinese,38,"MG Road, Bangalore"
295,25, Ice Cream,38,"MG Road, Bangalore"
296,8, Beverages,38,"MG Road, Bangalore"
297,115,Waffle,56,"Seshadripuram, Bangalore"
298,46, Pancake,56,"Seshadripuram, Bangalore"
299,18, Desserts,56,"Seshadripuram, Bangalore"
300,8, Beverages,56,"Seshadripuram, Bangalore"
301,96,Mithai,64,"Vasanth Nagar, Bangalore"
302,68,Andhra,56,"Seshadripuram, Bangalore"
303,9, Biryani,56,"Seshadripuram, Bangalore"
304,58, South Indian,56,"Seshadripuram, Bangalore"
307,24, Hyderabadi,56,"Seshadripuram, Bangalore"
309,14, Chettinad,20,"Indiranagar, Bangalore"
312,106,Rolls,22,"JP Nagar, Bangalore"
313,9, Biryani,22,"JP Nagar, Bangalore"
314,15, Chinese,22,"JP Nagar, Bangalore"
315,44, North Indian,22,"JP Nagar, Bangalore"
316,57, Sichuan,22,"JP Nagar, Bangalore"
319,57, Sichuan,58,"Shivajinagar, Bangalore"
320,80,Chinese,40,"Malleshwaram, Bangalore"
321,42, Momos,40,"Malleshwaram, Bangalore"
322,57, Sichuan,40,"Malleshwaram, Bangalore"
323,75,Beverages,8,"Brigade Road, Bangalore"
324,55, Shake,8,"Brigade Road, Bangalore"
326,25, Ice Cream,8,"Brigade Road, Bangalore"
327,73,Bakery,37,"Lavelle Road, Bangalore"
328,13, Cafe,37,"Lavelle Road, Bangalore"
329,28, Italian,37,"Lavelle Road, Bangalore"
330,17, Continental,37,"Lavelle Road, Bangalore"
331,20, Fast Food,37,"Lavelle Road, Bangalore"
332,8, Beverages,37,"Lavelle Road, Bangalore"
333,18, Desserts,37,"Lavelle Road, Bangalore"
337,76,Biryani,50,"Rajajinagar, Bangalore"
338,44, North Indian,50,"Rajajinagar, Bangalore"
339,32, Kebab,50,"Rajajinagar, Bangalore"
340,111,South Indian,51,"Residency Road, Bangalore"
342,59, Street Food,51,"Residency Road, Bangalore"
346,111,South Indian,65,"Vijay Nagar, Bangalore"
348,41, Mithai,65,"Vijay Nagar, Bangalore"
351,76,Biryani,38,"MG Road, Bangalore"
352,44, North Indian,38,"MG Road, Bangalore"
353,58, South Indian,38,"MG Road, Bangalore"
355,54, Seafood,38,"MG Road, Bangalore"
357,76,Biryani,24,"Jayanagar, Bangalore"
358,58, South Indian,24,"Jayanagar, Bangalore"
359,18, Desserts,24,"Jayanagar, Bangalore"
360,8, Beverages,24,"Jayanagar, Bangalore"
361,2, Andhra,24,"Jayanagar, Bangalore"
362,80,Chinese,34,"Koramangala 8th Block, Bangalore"
363,29, Japanese,34,"Koramangala 8th Block, Bangalore"
364,62, Thai,34,"Koramangala 8th Block, Bangalore"
365,26, Indonesian,34,"Koramangala 8th Block, Bangalore"
366,4, Asian,34,"Koramangala 8th Block, Bangalore"
367,82,Desserts,52,"Richmond Road, Bangalore"
369,85,Ice Cream,10,"Church Street, Bangalore"
372,76,Biryani,2,"BTM, Bangalore"
373,44, North Indian,2,"BTM, Bangalore"
374,43, Mughlai,2,"BTM, Bangalore"
375,20, Fast Food,2,"BTM, Bangalore"
377,57, Sichuan,2,"BTM, Bangalore"
378,106,Rolls,66,"Wilson Garden, Bangalore"
383,106,Rolls,64,"Vasanth Nagar, Bangalore"
384,66, Wraps,64,"Vasanth Nagar, Bangalore"
385,20, Fast Food,64,"Vasanth Nagar, Bangalore"
387,55, Shake,64,"Vasanth Nagar, Bangalore"
389,111,South Indian,16,"Frazer Town, Bangalore"
390,15, Chinese,16,"Frazer Town, Bangalore"
391,44, North Indian,16,"Frazer Town, Bangalore"
392,57, Sichuan,16,"Frazer Town, Bangalore"
393,73,Bakery,24,"Jayanagar, Bangalore"
395,76,Biryani,31,"Koramangala 5th Block, Bangalore"
396,32, Kebab,31,"Koramangala 5th Block, Bangalore"
397,44, North Indian,31,"Koramangala 5th Block, Bangalore"
398,107,Sandwich,56,"Seshadripuram, Bangalore"
399,49, Pizza,56,"Seshadripuram, Bangalore"
400,20, Fast Food,56,"Seshadripuram, Bangalore"
401,59, Street Food,56,"Seshadripuram, Bangalore"
402,101,North Indian,63,"Ulsoor, Bangalore"
403,15, Chinese,63,"Ulsoor, Bangalore"
404,3, Arabian,63,"Ulsoor, Bangalore"
405,43, Mughlai,63,"Ulsoor, Bangalore"
406,20, Fast Food,63,"Ulsoor, Bangalore"
407,8, Beverages,63,"Ulsoor, Bangalore"
408,55, Shake,63,"Ulsoor, Bangalore"
409,70,Asian,37,"Lavelle Road, Bangalore"
411,52, Salad,37,"Lavelle Road, Bangalore"
412,49, Pizza,37,"Lavelle Road, Bangalore"
413,53, Sandwich,37,"Lavelle Road, Bangalore"
414,11, Burger,37,"Lavelle Road, Bangalore"
417,78,Cafe,13,"Cunningham Road, Bangalore"
418,61, Tea,13,"Cunningham Road, Bangalore"
420,106,Rolls,27,"Kammanahalli, Bangalore"
421,20, Fast Food,27,"Kammanahalli, Bangalore"
422,101,North Indian,40,"Malleshwaram, Bangalore"
423,58, South Indian,40,"Malleshwaram, Bangalore"
425,53, Sandwich,40,"Malleshwaram, Bangalore"
426,59, Street Food,40,"Malleshwaram, Bangalore"
427,25, Ice Cream,40,"Malleshwaram, Bangalore"
428,30, Juices,40,"Malleshwaram, Bangalore"
429,8, Beverages,40,"Malleshwaram, Bangalore"
430,76,Biryani,22,"JP Nagar, Bangalore"
431,2, Andhra,22,"JP Nagar, Bangalore"
434,54, Seafood,22,"JP Nagar, Bangalore"
435,68,Andhra,16,"Frazer Town, Bangalore"
436,24, Hyderabadi,16,"Frazer Town, Bangalore"
437,9, Biryani,16,"Frazer Town, Bangalore"
441,96,Mithai,54,"Sadashiv Nagar, Bangalore"
442,59, Street Food,54,"Sadashiv Nagar, Bangalore"
443,116,Wraps,57,"Shanti Nagar, Bangalore"
446,9, Biryani,57,"Shanti Nagar, Bangalore"
447,25, Ice Cream,57,"Shanti Nagar, Bangalore"
450,104,Pizza,10,"Church Street, Bangalore"
451,48, Pasta,10,"Church Street, Bangalore"
452,28, Italian,10,"Church Street, Bangalore"
453,17, Continental,10,"Church Street, Bangalore"
456,78,Cafe,37,"Lavelle Road, Bangalore"
460,58, South Indian,50,"Rajajinagar, Bangalore"
463,58, South Indian,6,"Basavanagudi, Bangalore"
464,59, Street Food,6,"Basavanagudi, Bangalore"
465,20, Fast Food,6,"Basavanagudi, Bangalore"
466,18, Desserts,6,"Basavanagudi, Bangalore"
469,107,Sandwich,6,"Basavanagudi, Bangalore"
473,96,Mithai,25,"Jeevan Bhima Nagar, Bangalore"
474,44, North Indian,25,"Jeevan Bhima Nagar, Bangalore"
475,59, Street Food,25,"Jeevan Bhima Nagar, Bangalore"
476,101,North Indian,46,"Old Madras Road, Bangalore"
477,43, Mughlai,46,"Old Madras Road, Bangalore"
478,15, Chinese,46,"Old Madras Road, Bangalore"
479,32, Kebab,46,"Old Madras Road, Bangalore"
480,51, Rolls,46,"Old Madras Road, Bangalore"
481,54, Seafood,46,"Old Madras Road, Bangalore"
482,3, Arabian,46,"Old Madras Road, Bangalore"
483,9, Biryani,46,"Old Madras Road, Bangalore"
484,112,Street Food,30,"Koramangala 4th Block, Bangalore"
485,20, Fast Food,30,"Koramangala 4th Block, Bangalore"
486,44, North Indian,30,"Koramangala 4th Block, Bangalore"
487,8, Beverages,30,"Koramangala 4th Block, Bangalore"
488,73,Bakery,20,"Indiranagar, Bangalore"
490,106,Rolls,50,"Rajajinagar, Bangalore"
491,112,Street Food,3,"Banashankari, Bangalore"
492,76,Biryani,39,"Majestic, Bangalore"
493,24, Hyderabadi,39,"Majestic, Bangalore"
495,32, Kebab,39,"Majestic, Bangalore"
496,43, Mughlai,39,"Majestic, Bangalore"
497,18, Desserts,39,"Majestic, Bangalore"
498,96,Mithai,6,"Basavanagudi, Bangalore"
503,97,Momos,20,"Indiranagar, Bangalore"
504,20, Fast Food,20,"Indiranagar, Bangalore"
505,106,Rolls,18,"HBR Layout, Bangalore"
506,15, Chinese,18,"HBR Layout, Bangalore"
507,44, North Indian,18,"HBR Layout, Bangalore"
508,54, Seafood,18,"HBR Layout, Bangalore"
509,9, Biryani,18,"HBR Layout, Bangalore"
510,57, Sichuan,18,"HBR Layout, Bangalore"
511,111,South Indian,7,"Basaveshwara Nagar, Bangalore"
512,59, Street Food,7,"Basaveshwara Nagar, Bangalore"
513,25, Ice Cream,7,"Basaveshwara Nagar, Bangalore"
514,18, Desserts,7,"Basaveshwara Nagar, Bangalore"
515,8, Beverages,7,"Basaveshwara Nagar, Bangalore"
516,55, Shake,7,"Basaveshwara Nagar, Bangalore"
517,76,Biryani,40,"Malleshwaram, Bangalore"
519,96,Mithai,39,"Majestic, Bangalore"
521,20, Fast Food,39,"Majestic, Bangalore"
522,101,North Indian,50,"Rajajinagar, Bangalore"
523,59, Street Food,50,"Rajajinagar, Bangalore"
526,15, Chinese,50,"Rajajinagar, Bangalore"
527,25, Ice Cream,50,"Rajajinagar, Bangalore"
528,55, Shake,50,"Rajajinagar, Bangalore"
529,76,Biryani,45,"Old Airport Road, Bangalore"
530,44, North Indian,45,"Old Airport Road, Bangalore"
531,24, Hyderabadi,45,"Old Airport Road, Bangalore"
532,43, Mughlai,45,"Old Airport Road, Bangalore"
533,15, Chinese,45,"Old Airport Road, Bangalore"
534,101,North Indian,65,"Vijay Nagar, Bangalore"
535,58, South Indian,65,"Vijay Nagar, Bangalore"
539,51, Rolls,50,"Rajajinagar, Bangalore"
540,8, Beverages,50,"Rajajinagar, Bangalore"
542,83,Fast Food,56,"Seshadripuram, Bangalore"
543,53, Sandwich,56,"Seshadripuram, Bangalore"
545,11, Burger,56,"Seshadripuram, Bangalore"
548,76,Biryani,61,"Thippasandra, Bangalore"
549,32, Kebab,61,"Thippasandra, Bangalore"
550,43, Mughlai,61,"Thippasandra, Bangalore"
551,44, North Indian,61,"Thippasandra, Bangalore"
552,18, Desserts,61,"Thippasandra, Bangalore"
553,78,Cafe,62,"UB City, Bangalore"
556,16, Coffee,62,"UB City, Bangalore"
557,61, Tea,62,"UB City, Bangalore"
558,49, Pizza,62,"UB City, Bangalore"
561,111,South Indian,33,"Koramangala 7th Block, Bangalore"
562,77,Burger,10,"Church Street, Bangalore"
563,66, Wraps,10,"Church Street, Bangalore"
573,30, Juices,50,"Rajajinagar, Bangalore"
575,80,Chinese,20,"Indiranagar, Bangalore"
576,4, Asian,20,"Indiranagar, Bangalore"
577,62, Thai,20,"Indiranagar, Bangalore"
578,45, Oriental,20,"Indiranagar, Bangalore"
579,54, Seafood,20,"Indiranagar, Bangalore"
580,57, Sichuan,20,"Indiranagar, Bangalore"
583,111,South Indian,34,"Koramangala 8th Block, Bangalore"
584,44, North Indian,34,"Koramangala 8th Block, Bangalore"
585,59, Street Food,34,"Koramangala 8th Block, Bangalore"
586,8, Beverages,34,"Koramangala 8th Block, Bangalore"
587,15, Chinese,34,"Koramangala 8th Block, Bangalore"
588,55, Shake,34,"Koramangala 8th Block, Bangalore"
589,76,Biryani,56,"Seshadripuram, Bangalore"
591,43, Mughlai,56,"Seshadripuram, Bangalore"
592,2, Andhra,56,"Seshadripuram, Bangalore"
595,69,Arabian,16,"Frazer Town, Bangalore"
601,55, Shake,16,"Frazer Town, Bangalore"
605,104,Pizza,48,"RT Nagar, Bangalore"
606,20, Fast Food,48,"RT Nagar, Bangalore"
607,11, Burger,48,"RT Nagar, Bangalore"
608,111,South Indian,40,"Malleshwaram, Bangalore"
610,73,Bakery,56,"Seshadripuram, Bangalore"
613,73,Bakery,33,"Koramangala 7th Block, Bangalore"
615,49, Pizza,33,"Koramangala 7th Block, Bangalore"
616,53, Sandwich,33,"Koramangala 7th Block, Bangalore"
617,11, Burger,33,"Koramangala 7th Block, Bangalore"
622,15, Chinese,33,"Koramangala 7th Block, Bangalore"
623,43, Mughlai,33,"Koramangala 7th Block, Bangalore"
627,9, Biryani,33,"Koramangala 7th Block, Bangalore"
630,32, Kebab,33,"Koramangala 7th Block, Bangalore"
631,101,North Indian,35,"Kumaraswamy Layout, Bangalore"
632,15, Chinese,35,"Kumaraswamy Layout, Bangalore"
633,30, Juices,35,"Kumaraswamy Layout, Bangalore"
634,55, Shake,35,"Kumaraswamy Layout, Bangalore"
635,110,Shawarma,27,"Kammanahalli, Bangalore"
638,80,Chinese,3,"Banashankari, Bangalore"
639,4, Asian,3,"Banashankari, Bangalore"
640,62, Thai,3,"Banashankari, Bangalore"
641,42, Momos,3,"Banashankari, Bangalore"
642,80,Chinese,48,"RT Nagar, Bangalore"
643,42, Momos,48,"RT Nagar, Bangalore"
644,57, Sichuan,48,"RT Nagar, Bangalore"
645,104,Pizza,47,"Orion East, Banaswadi, Bangalore"
646,20, Fast Food,47,"Orion East, Banaswadi, Bangalore"
647,101,North Indian,57,"Shanti Nagar, Bangalore"
648,76,Biryani,30,"Koramangala 4th Block, Bangalore"
649,58, South Indian,30,"Koramangala 4th Block, Bangalore"
653,66, Wraps,50,"Rajajinagar, Bangalore"
654,9, Biryani,50,"Rajajinagar, Bangalore"
657,18, Desserts,50,"Rajajinagar, Bangalore"
659,101,North Indian,19,"Hosur Road, Bangalore"
660,15, Chinese,19,"Hosur Road, Bangalore"
661,9, Biryani,19,"Hosur Road, Bangalore"
662,42, Momos,19,"Hosur Road, Bangalore"
663,57, Sichuan,19,"Hosur Road, Bangalore"
664,101,North Indian,48,"RT Nagar, Bangalore"
665,43, Mughlai,48,"RT Nagar, Bangalore"
666,51, Rolls,48,"RT Nagar, Bangalore"
667,15, Chinese,48,"RT Nagar, Bangalore"
668,80,Chinese,16,"Frazer Town, Bangalore"
669,62, Thai,16,"Frazer Town, Bangalore"
670,73,Bakery,58,"Shivajinagar, Bangalore"
671,18, Desserts,58,"Shivajinagar, Bangalore"
672,28, Italian,58,"Shivajinagar, Bangalore"
673,62, Thai,58,"Shivajinagar, Bangalore"
674,20, Fast Food,58,"Shivajinagar, Bangalore"
675,91,Lebanese,20,"Indiranagar, Bangalore"
678,109,Shake,17,"Garuda Mall, Magrath Road, Bangalore"
679,8, Beverages,17,"Garuda Mall, Magrath Road, Bangalore"
680,18, Desserts,17,"Garuda Mall, Magrath Road, Bangalore"
681,73,Bakery,5,"Bannerghatta Road, Bangalore"
682,18, Desserts,5,"Bannerghatta Road, Bangalore"
686,80,Chinese,10,"Church Street, Bangalore"
688,88,Juices,60,"St. Marks Road, Bangalore"
690,53, Sandwich,60,"St. Marks Road, Bangalore"
691,20, Fast Food,60,"St. Marks Road, Bangalore"
693,51, Rolls,60,"St. Marks Road, Bangalore"
694,23, Healthy Food,60,"St. Marks Road, Bangalore"
695,59, Street Food,60,"St. Marks Road, Bangalore"
696,82,Desserts,32,"Koramangala 6th Block, Bangalore"
697,6, Bakery,32,"Koramangala 6th Block, Bangalore"
698,76,Biryani,34,"Koramangala 8th Block, Bangalore"
699,20, Fast Food,34,"Koramangala 8th Block, Bangalore"
702,112,Street Food,6,"Basavanagudi, Bangalore"
703,25, Ice Cream,6,"Basavanagudi, Bangalore"
705,24, Hyderabadi,40,"Malleshwaram, Bangalore"
707,9, Biryani,40,"Malleshwaram, Bangalore"
708,43, Mughlai,40,"Malleshwaram, Bangalore"
709,18, Desserts,40,"Malleshwaram, Bangalore"
711,55, Shake,40,"Malleshwaram, Bangalore"
714,25, Ice Cream,13,"Cunningham Road, Bangalore"
715,18, Desserts,13,"Cunningham Road, Bangalore"
718,111,South Indian,50,"Rajajinagar, Bangalore"
721,52, Salad,50,"Rajajinagar, Bangalore"
722,41, Mithai,50,"Rajajinagar, Bangalore"
724,85,Ice Cream,8,"Brigade Road, Bangalore"
726,101,North Indian,2,"BTM, Bangalore"
727,51, Rolls,2,"BTM, Bangalore"
729,101,North Indian,32,"Koramangala 6th Block, Bangalore"
731,107,Sandwich,2,"BTM, Bangalore"
733,77,Burger,61,"Thippasandra, Bangalore"
734,80,Chinese,64,"Vasanth Nagar, Bangalore"
735,63, Tibetan,64,"Vasanth Nagar, Bangalore"
736,73,Bakery,6,"Basavanagudi, Bangalore"
737,101,North Indian,36,"Langford Town, Bangalore"
738,20, Fast Food,36,"Langford Town, Bangalore"
739,18, Desserts,36,"Langford Town, Bangalore"
740,8, Beverages,36,"Langford Town, Bangalore"
743,16, Coffee,37,"Lavelle Road, Bangalore"
746,111,South Indian,8,"Brigade Road, Bangalore"
747,14, Chettinad,8,"Brigade Road, Bangalore"
749,54, Seafood,8,"Brigade Road, Bangalore"
750,15, Chinese,8,"Brigade Road, Bangalore"
751,44, North Indian,8,"Brigade Road, Bangalore"
754,111,South Indian,45,"Old Airport Road, Bangalore"
756,8, Beverages,45,"Old Airport Road, Bangalore"
758,67,Afghan,2,"BTM, Bangalore"
762,18, Desserts,2,"BTM, Bangalore"
765,101,North Indian,20,"Indiranagar, Bangalore"
771,44, North Indian,7,"Basaveshwara Nagar, Bangalore"
772,15, Chinese,7,"Basaveshwara Nagar, Bangalore"
778,111,South Indian,32,"Koramangala 6th Block, Bangalore"
779,37, Maharashtrian,32,"Koramangala 6th Block, Bangalore"
781,54, Seafood,48,"RT Nagar, Bangalore"
784,111,South Indian,6,"Basavanagudi, Bangalore"
790,9, Biryani,20,"Indiranagar, Bangalore"
794,101,North Indian,25,"Jeevan Bhima Nagar, Bangalore"
795,15, Chinese,25,"Jeevan Bhima Nagar, Bangalore"
796,58, South Indian,25,"Jeevan Bhima Nagar, Bangalore"
797,8, Beverages,25,"Jeevan Bhima Nagar, Bangalore"
798,18, Desserts,25,"Jeevan Bhima Nagar, Bangalore"
799,30, Juices,25,"Jeevan Bhima Nagar, Bangalore"
800,25, Ice Cream,25,"Jeevan Bhima Nagar, Bangalore"
801,55, Shake,25,"Jeevan Bhima Nagar, Bangalore"
802,76,Biryani,65,"Vijay Nagar, Bangalore"
805,76,Biryani,67,"Yeshwantpur, Bangalore"
806,32, Kebab,67,"Yeshwantpur, Bangalore"
808,44, North Indian,3,"Banashankari, Bangalore"
809,8, Beverages,3,"Banashankari, Bangalore"
811,58, South Indian,45,"Old Airport Road, Bangalore"
812,109,Shake,31,"Koramangala 5th Block, Bangalore"
813,25, Ice Cream,31,"Koramangala 5th Block, Bangalore"
814,49, Pizza,31,"Koramangala 5th Block, Bangalore"
815,8, Beverages,31,"Koramangala 5th Block, Bangalore"
816,20, Fast Food,31,"Koramangala 5th Block, Bangalore"
817,18, Desserts,31,"Koramangala 5th Block, Bangalore"
818,111,South Indian,20,"Indiranagar, Bangalore"
823,98,Mughlai,16,"Frazer Town, Bangalore"
826,51, Rolls,16,"Frazer Town, Bangalore"
829,59, Street Food,2,"BTM, Bangalore"
830,23, Healthy Food,2,"BTM, Bangalore"
833,82,Desserts,9,"Building 105, Koramangala 5th Block, Bangalore"
834,8, Beverages,9,"Building 105, Koramangala 5th Block, Bangalore"
835,65, Waffle,9,"Building 105, Koramangala 5th Block, Bangalore"
836,55, Shake,9,"Building 105, Koramangala 5th Block, Bangalore"
847,96,Mithai,16,"Frazer Town, Bangalore"
849,73,Bakery,57,"Shanti Nagar, Bangalore"
850,112,Street Food,33,"Koramangala 7th Block, Bangalore"
851,44, North Indian,33,"Koramangala 7th Block, Bangalore"
853,82,Desserts,17,"Garuda Mall, Magrath Road, Bangalore"
854,65, Waffle,17,"Garuda Mall, Magrath Road, Bangalore"
867,80,Chinese,19,"Hosur Road, Bangalore"
869,18, Desserts,19,"Hosur Road, Bangalore"
870,8, Beverages,19,"Hosur Road, Bangalore"
872,104,Pizza,32,"Koramangala 6th Block, Bangalore"
873,101,North Indian,7,"Basaveshwara Nagar, Bangalore"
874,43, Mughlai,7,"Basaveshwara Nagar, Bangalore"
876,3, Arabian,7,"Basaveshwara Nagar, Bangalore"
877,9, Biryani,7,"Basaveshwara Nagar, Bangalore"
880,57, Sichuan,7,"Basaveshwara Nagar, Bangalore"
885,80,Chinese,14,"Domlur, Bangalore"
886,62, Thai,14,"Domlur, Bangalore"
887,42, Momos,14,"Domlur, Bangalore"
888,57, Sichuan,14,"Domlur, Bangalore"
889,76,Biryani,6,"Basavanagudi, Bangalore"
891,82,Desserts,64,"Vasanth Nagar, Bangalore"
892,6, Bakery,64,"Vasanth Nagar, Bangalore"
893,106,Rolls,36,"Langford Town, Bangalore"
895,44, North Indian,36,"Langford Town, Bangalore"
896,66, Wraps,36,"Langford Town, Bangalore"
902,83,Fast Food,15,"Ejipura, Bangalore"
903,110,Shawarma,61,"Thippasandra, Bangalore"
907,18, Desserts,65,"Vijay Nagar, Bangalore"
908,91,Lebanese,48,"RT Nagar, Bangalore"
911,76,Biryani,10,"Church Street, Bangalore"
912,32, Kebab,10,"Church Street, Bangalore"
914,24, Hyderabadi,10,"Church Street, Bangalore"
916,73,Bakery,14,"Domlur, Bangalore"
918,93,Mangalorean,65,"Vijay Nagar, Bangalore"
922,76,Biryani,7,"Basaveshwara Nagar, Bangalore"
923,58, South Indian,7,"Basaveshwara Nagar, Bangalore"
924,111,South Indian,4,"Banaswadi, Bangalore"
925,44, North Indian,4,"Banaswadi, Bangalore"
926,59, Street Food,4,"Banaswadi, Bangalore"
927,15, Chinese,4,"Banaswadi, Bangalore"
928,20, Fast Food,4,"Banaswadi, Bangalore"
929,8, Beverages,4,"Banaswadi, Bangalore"
930,18, Desserts,4,"Banaswadi, Bangalore"
931,104,Pizza,62,"UB City, Bangalore"
932,48, Pasta,62,"UB City, Bangalore"
934,28, Italian,62,"UB City, Bangalore"
938,15, Chinese,62,"UB City, Bangalore"
941,44, North Indian,24,"Jayanagar, Bangalore"
942,15, Chinese,24,"Jayanagar, Bangalore"
943,101,North Indian,54,"Sadashiv Nagar, Bangalore"
944,15, Chinese,54,"Sadashiv Nagar, Bangalore"
946,20, Fast Food,54,"Sadashiv Nagar, Bangalore"
947,8, Beverages,54,"Sadashiv Nagar, Bangalore"
948,18, Desserts,54,"Sadashiv Nagar, Bangalore"
955,112,Street Food,7,"Basaveshwara Nagar, Bangalore"
956,20, Fast Food,7,"Basaveshwara Nagar, Bangalore"
958,53, Sandwich,7,"Basaveshwara Nagar, Bangalore"
961,111,South Indian,24,"Jayanagar, Bangalore"
962,33, Kerala,24,"Jayanagar, Bangalore"
964,59, Street Food,20,"Indiranagar, Bangalore"
965,50, Rajasthani,20,"Indiranagar, Bangalore"
966,7, Bengali,20,"Indiranagar, Bangalore"
967,41, Mithai,20,"Indiranagar, Bangalore"
973,104,Pizza,36,"Langford Town, Bangalore"
974,28, Italian,36,"Langford Town, Bangalore"
978,104,Pizza,2,"BTM, Bangalore"
981,104,Pizza,40,"Malleshwaram, Bangalore"
982,20, Fast Food,40,"Malleshwaram, Bangalore"
986,28, Italian,40,"Malleshwaram, Bangalore"
987,39, Mexican,40,"Malleshwaram, Bangalore"
991,20, Fast Food,24,"Jayanagar, Bangalore"
996,75,Beverages,45,"Old Airport Road, Bangalore"
997,30, Juices,45,"Old Airport Road, Bangalore"
998,20, Fast Food,45,"Old Airport Road, Bangalore"
999,53, Sandwich,45,"Old Airport Road, Bangalore"
1000,55, Shake,45,"Old Airport Road, Bangalore"
1006,73,Bakery,2,"BTM, Bangalore"
1013,80,Chinese,50,"Rajajinagar, Bangalore"
1015,39, Mexican,50,"Rajajinagar, Bangalore"
1016,28, Italian,50,"Rajajinagar, Bangalore"
1019,101,North Indian,24,"Jayanagar, Bangalore"
1020,43, Mughlai,24,"Jayanagar, Bangalore"
1023,75,Beverages,31,"Koramangala 5th Block, Bangalore"
1024,1, American,31,"Koramangala 5th Block, Bangalore"
1025,78,Cafe,20,"Indiranagar, Bangalore"
1026,16, Coffee,20,"Indiranagar, Bangalore"
1029,22, French,20,"Indiranagar, Bangalore"
1030,17, Continental,20,"Indiranagar, Bangalore"
1031,47, Panini,20,"Indiranagar, Bangalore"
1033,53, Sandwich,65,"Vijay Nagar, Bangalore"
1036,109,Shake,57,"Shanti Nagar, Bangalore"
1037,30, Juices,57,"Shanti Nagar, Bangalore"
1041,76,Biryani,8,"Brigade Road, Bangalore"
1044,43, Mughlai,8,"Brigade Road, Bangalore"
1045,32, Kebab,8,"Brigade Road, Bangalore"
1046,80,Chinese,31,"Koramangala 5th Block, Bangalore"
1047,9, Biryani,31,"Koramangala 5th Block, Bangalore"
1048,58, South Indian,31,"Koramangala 5th Block, Bangalore"
1049,33, Kerala,31,"Koramangala 5th Block, Bangalore"
1050,101,North Indian,11,"City Market, Bangalore"
1051,15, Chinese,11,"City Market, Bangalore"
1052,43, Mughlai,11,"City Market, Bangalore"
1053,20, Fast Food,11,"City Market, Bangalore"
1054,35, Lebanese,11,"City Market, Bangalore"
1055,54, Seafood,11,"City Market, Bangalore"
1056,51, Rolls,11,"City Market, Bangalore"
1057,69,Arabian,19,"Hosur Road, Bangalore"
1058,53, Sandwich,19,"Hosur Road, Bangalore"
1059,11, Burger,19,"Hosur Road, Bangalore"
1061,35, Lebanese,19,"Hosur Road, Bangalore"
1063,30, Juices,19,"Hosur Road, Bangalore"
1064,55, Shake,19,"Hosur Road, Bangalore"
1065,112,Street Food,31,"Koramangala 5th Block, Bangalore"
1071,106,Rolls,11,"City Market, Bangalore"
1072,83,Fast Food,31,"Koramangala 5th Block, Bangalore"
1074,59, Street Food,31,"Koramangala 5th Block, Bangalore"
1076,15, Chinese,31,"Koramangala 5th Block, Bangalore"
1077,55, Shake,31,"Koramangala 5th Block, Bangalore"
1078,57, Sichuan,31,"Koramangala 5th Block, Bangalore"
1085,112,Street Food,50,"Rajajinagar, Bangalore"
1089,105,Portuguese,8,"Brigade Road, Bangalore"
1090,11, Burger,8,"Brigade Road, Bangalore"
1099,53, Sandwich,50,"Rajajinagar, Bangalore"
1106,87,Japanese,10,"Church Street, Bangalore"
1107,34, Korean,10,"Church Street, Bangalore"
1108,60, Sushi,10,"Church Street, Bangalore"
1109,4, Asian,10,"Church Street, Bangalore"
1110,73,Bakery,40,"Malleshwaram, Bangalore"
1113,41, Mithai,8,"Brigade Road, Bangalore"
1120,44, North Indian,6,"Basavanagudi, Bangalore"
1125,82,Desserts,48,"RT Nagar, Bangalore"
1126,65, Waffle,48,"RT Nagar, Bangalore"
1127,104,Pizza,24,"Jayanagar, Bangalore"
1130,16, Coffee,24,"Jayanagar, Bangalore"
1135,103,Pasta,13,"Cunningham Road, Bangalore"
1137,28, Italian,13,"Cunningham Road, Bangalore"
1138,19, European,13,"Cunningham Road, Bangalore"
1139,52, Salad,13,"Cunningham Road, Bangalore"
1145,50, Rajasthani,2,"BTM, Bangalore"
1146,77,Burger,64,"Vasanth Nagar, Bangalore"
1147,51, Rolls,64,"Vasanth Nagar, Bangalore"
1151,75,Beverages,34,"Koramangala 8th Block, Bangalore"
1152,30, Juices,34,"Koramangala 8th Block, Bangalore"
1154,18, Desserts,34,"Koramangala 8th Block, Bangalore"
1155,25, Ice Cream,34,"Koramangala 8th Block, Bangalore"
1156,53, Sandwich,34,"Koramangala 8th Block, Bangalore"
1160,85,Ice Cream,31,"Koramangala 5th Block, Bangalore"
1163,82,Desserts,16,"Frazer Town, Bangalore"
1165,53, Sandwich,6,"Basavanagudi, Bangalore"
1168,95,Middle Eastern,20,"Indiranagar, Bangalore"
1170,6, Bakery,20,"Indiranagar, Bangalore"
1175,24, Hyderabadi,2,"BTM, Bangalore"
1176,2, Andhra,2,"BTM, Bangalore"
1177,66, Wraps,2,"BTM, Bangalore"
1181,18, Desserts,48,"RT Nagar, Bangalore"
1186,3, Arabian,48,"RT Nagar, Bangalore"
1188,35, Lebanese,48,"RT Nagar, Bangalore"
1190,101,North Indian,12,"Commercial Street, Bangalore"
1191,51, Rolls,12,"Commercial Street, Bangalore"
1192,32, Kebab,12,"Commercial Street, Bangalore"
1193,43, Mughlai,12,"Commercial Street, Bangalore"
1194,9, Biryani,12,"Commercial Street, Bangalore"
1197,28, Italian,32,"Koramangala 6th Block, Bangalore"
1198,70,Asian,20,"Indiranagar, Bangalore"
1200,64, Vietnamese,20,"Indiranagar, Bangalore"
1201,29, Japanese,20,"Indiranagar, Bangalore"
1202,26, Indonesian,20,"Indiranagar, Bangalore"
1204,34, Korean,20,"Indiranagar, Bangalore"
1205,12, Burmese,20,"Indiranagar, Bangalore"
1210,73,Bakery,51,"Residency Road, Bangalore"
1213,111,South Indian,63,"Ulsoor, Bangalore"
1214,44, North Indian,63,"Ulsoor, Bangalore"
1216,59, Street Food,63,"Ulsoor, Bangalore"
1217,18, Desserts,63,"Ulsoor, Bangalore"
1220,111,South Indian,48,"RT Nagar, Bangalore"
1221,44, North Indian,48,"RT Nagar, Bangalore"
1224,59, Street Food,48,"RT Nagar, Bangalore"
1225,25, Ice Cream,48,"RT Nagar, Bangalore"
1226,8, Beverages,48,"RT Nagar, Bangalore"
1227,55, Shake,48,"RT Nagar, Bangalore"
1228,84,Healthy Food,14,"Domlur, Bangalore"
1229,44, North Indian,14,"Domlur, Bangalore"
1233,101,North Indian,13,"Cunningham Road, Bangalore"
1236,97,Momos,52,"Richmond Road, Bangalore"
1237,51, Rolls,52,"Richmond Road, Bangalore"
1239,58, South Indian,52,"Richmond Road, Bangalore"
1240,32, Kebab,52,"Richmond Road, Bangalore"
1241,44, North Indian,52,"Richmond Road, Bangalore"
1242,9, Biryani,52,"Richmond Road, Bangalore"
1243,56, Shawarma,52,"Richmond Road, Bangalore"
1250,76,Biryani,27,"Kammanahalli, Bangalore"
1251,58, South Indian,27,"Kammanahalli, Bangalore"
1252,85,Ice Cream,57,"Shanti Nagar, Bangalore"
1253,65, Waffle,57,"Shanti Nagar, Bangalore"
1255,53, Sandwich,57,"Shanti Nagar, Bangalore"
1256,55, Shake,57,"Shanti Nagar, Bangalore"
1258,86,Italian,57,"Shanti Nagar, Bangalore"
1259,39, Mexican,57,"Shanti Nagar, Bangalore"
1260,85,Ice Cream,17,"Garuda Mall, Magrath Road, Bangalore"
1266,99,Naga,15,"Ejipura, Bangalore"
1267,15, Chinese,15,"Ejipura, Bangalore"
1268,8, Beverages,15,"Ejipura, Bangalore"
1269,69,Arabian,50,"Rajajinagar, Bangalore"
1274,6, Bakery,50,"Rajajinagar, Bangalore"
1275,110,Shawarma,20,"Indiranagar, Bangalore"
1276,35, Lebanese,20,"Indiranagar, Bangalore"
1283,101,North Indian,56,"Seshadripuram, Bangalore"
1287,15, Chinese,56,"Seshadripuram, Bangalore"
1289,55, Shake,56,"Seshadripuram, Bangalore"
1291,80,Chinese,25,"Jeevan Bhima Nagar, Bangalore"
1293,51, Rolls,25,"Jeevan Bhima Nagar, Bangalore"
1294,106,Rolls,52,"Richmond Road, Bangalore"
1297,3, Arabian,52,"Richmond Road, Bangalore"
1305,101,North Indian,18,"HBR Layout, Bangalore"
1307,3, Arabian,18,"HBR Layout, Bangalore"
1309,51, Rolls,18,"HBR Layout, Bangalore"
1311,112,Street Food,65,"Vijay Nagar, Bangalore"
1316,55, Shake,65,"Vijay Nagar, Bangalore"
1324,106,Rolls,2,"BTM, Bangalore"
1339,78,Cafe,10,"Church Street, Bangalore"
1345,91,Lebanese,50,"Rajajinagar, Bangalore"
1347,80,Chinese,45,"Old Airport Road, Bangalore"
1348,42, Momos,45,"Old Airport Road, Bangalore"
1349,54, Seafood,45,"Old Airport Road, Bangalore"
1350,96,Mithai,27,"Kammanahalli, Bangalore"
1351,59, Street Food,27,"Kammanahalli, Bangalore"
1354,72,BBQ,46,"Old Madras Road, Bangalore"
1358,44, North Indian,46,"Old Madras Road, Bangalore"
1360,18, Desserts,46,"Old Madras Road, Bangalore"
1361,8, Beverages,46,"Old Madras Road, Bangalore"
1362,111,South Indian,22,"JP Nagar, Bangalore"
1365,43, Mughlai,50,"Rajajinagar, Bangalore"
1368,57, Sichuan,50,"Rajajinagar, Bangalore"
1369,75,Beverages,58,"Shivajinagar, Bangalore"
1370,55, Shake,58,"Shivajinagar, Bangalore"
1371,30, Juices,58,"Shivajinagar, Bangalore"
1373,59, Street Food,58,"Shivajinagar, Bangalore"
1374,53, Sandwich,58,"Shivajinagar, Bangalore"
1375,25, Ice Cream,58,"Shivajinagar, Bangalore"
1376,80,Chinese,24,"Jayanagar, Bangalore"
1377,57, Sichuan,24,"Jayanagar, Bangalore"
1389,61, Tea,7,"Basaveshwara Nagar, Bangalore"
1396,83,Fast Food,52,"Richmond Road, Bangalore"
1397,52, Salad,52,"Richmond Road, Bangalore"
1399,59, Street Food,52,"Richmond Road, Bangalore"
1401,30, Juices,52,"Richmond Road, Bangalore"
1402,55, Shake,52,"Richmond Road, Bangalore"
1403,77,Burger,50,"Rajajinagar, Bangalore"
1405,101,North Indian,67,"Yeshwantpur, Bangalore"
1406,58, South Indian,67,"Yeshwantpur, Bangalore"
1407,15, Chinese,67,"Yeshwantpur, Bangalore"
1408,59, Street Food,67,"Yeshwantpur, Bangalore"
1409,55, Shake,67,"Yeshwantpur, Bangalore"
1410,8, Beverages,67,"Yeshwantpur, Bangalore"
1416,101,North Indian,5,"Bannerghatta Road, Bangalore"
1417,15, Chinese,5,"Bannerghatta Road, Bangalore"
1418,43, Mughlai,5,"Bannerghatta Road, Bangalore"
1419,54, Seafood,5,"Bannerghatta Road, Bangalore"
1420,20, Fast Food,5,"Bannerghatta Road, Bangalore"
1421,9, Biryani,5,"Bannerghatta Road, Bangalore"
1422,8, Beverages,5,"Bannerghatta Road, Bangalore"
1423,111,South Indian,13,"Cunningham Road, Bangalore"
1431,72,BBQ,23,"Jatti Building, Koramangala 5th Block, Bangalore"
1432,44, North Indian,23,"Jatti Building, Koramangala 5th Block, Bangalore"
1433,17, Continental,23,"Jatti Building, Koramangala 5th Block, Bangalore"
1434,45, Oriental,23,"Jatti Building, Koramangala 5th Block, Bangalore"
1435,54, Seafood,23,"Jatti Building, Koramangala 5th Block, Bangalore"
1436,20, Fast Food,23,"Jatti Building, Koramangala 5th Block, Bangalore"
1437,18, Desserts,23,"Jatti Building, Koramangala 5th Block, Bangalore"
1438,83,Fast Food,2,"BTM, Bangalore"
1439,42, Momos,2,"BTM, Bangalore"
1441,25, Ice Cream,2,"BTM, Bangalore"
1443,104,Pizza,20,"Indiranagar, Bangalore"
1444,28, Italian,20,"Indiranagar, Bangalore"
1450,91,Lebanese,2,"BTM, Bangalore"
1451,77,Burger,20,"Indiranagar, Bangalore"
1459,73,Bakery,34,"Koramangala 8th Block, Bangalore"
1465,110,Shawarma,2,"BTM, Bangalore"
1467,82,Desserts,51,"Residency Road, Bangalore"
1468,6, Bakery,51,"Residency Road, Bangalore"
1473,76,Biryani,25,"Jeevan Bhima Nagar, Bangalore"
1477,77,Burger,37,"Lavelle Road, Bangalore"
1479,1, American,37,"Lavelle Road, Bangalore"
1480,21, Finger Food,37,"Lavelle Road, Bangalore"
1484,96,Mithai,65,"Vijay Nagar, Bangalore"
1492,18, Desserts,22,"JP Nagar, Bangalore"
1493,8, Beverages,22,"JP Nagar, Bangalore"
1494,55, Shake,22,"JP Nagar, Bangalore"
1495,80,Chinese,8,"Brigade Road, Bangalore"
1497,42, Momos,8,"Brigade Road, Bangalore"
1498,57, Sichuan,8,"Brigade Road, Bangalore"
1499,107,Sandwich,7,"Basaveshwara Nagar, Bangalore"
1504,101,North Indian,16,"Frazer Town, Bangalore"
1505,58, South Indian,16,"Frazer Town, Bangalore"
1511,111,South Indian,61,"Thippasandra, Bangalore"
1512,33, Kerala,61,"Thippasandra, Bangalore"
1513,15, Chinese,61,"Thippasandra, Bangalore"
1514,54, Seafood,61,"Thippasandra, Bangalore"
1515,14, Chettinad,61,"Thippasandra, Bangalore"
1516,111,South Indian,1,"153 Biere Street, Bangalore"
1517,44, North Indian,1,"153 Biere Street, Bangalore"
1518,59, Street Food,1,"153 Biere Street, Bangalore"
1519,15, Chinese,1,"153 Biere Street, Bangalore"
1520,8, Beverages,1,"153 Biere Street, Bangalore"
1521,18, Desserts,1,"153 Biere Street, Bangalore"
1526,54, Seafood,16,"Frazer Town, Bangalore"
1528,80,Chinese,6,"Basavanagudi, Bangalore"
1531,85,Ice Cream,20,"Indiranagar, Bangalore"
1534,55, Shake,20,"Indiranagar, Bangalore"
1535,73,Bakery,48,"RT Nagar, Bangalore"
1537,41, Mithai,48,"RT Nagar, Bangalore"
1538,85,Ice Cream,2,"BTM, Bangalore"
1542,112,Street Food,25,"Jeevan Bhima Nagar, Bangalore"
1551,80,Chinese,56,"Seshadripuram, Bangalore"
1552,42, Momos,56,"Seshadripuram, Bangalore"
1553,101,North Indian,14,"Domlur, Bangalore"
1554,54, Seafood,14,"Domlur, Bangalore"
1555,43, Mughlai,14,"Domlur, Bangalore"
1559,106,Rolls,58,"Shivajinagar, Bangalore"
1563,93,Mangalorean,7,"Basaveshwara Nagar, Bangalore"
1574,78,Cafe,60,"St. Marks Road, Bangalore"
1581,5, BBQ,50,"Rajajinagar, Bangalore"
1582,104,Pizza,16,"Frazer Town, Bangalore"
1583,48, Pasta,16,"Frazer Town, Bangalore"
1584,11, Burger,16,"Frazer Town, Bangalore"
1587,107,Sandwich,20,"Indiranagar, Bangalore"
1588,51, Rolls,20,"Indiranagar, Bangalore"
1595,44, North Indian,64,"Vasanth Nagar, Bangalore"
1596,15, Chinese,64,"Vasanth Nagar, Bangalore"
1605,69,Arabian,2,"BTM, Bangalore"
1611,92,Maharashtrian,2,"BTM, Bangalore"
1613,88,Juices,58,"Shivajinagar, Bangalore"
1621,80,Chinese,2,"BTM, Bangalore"
1622,54, Seafood,2,"BTM, Bangalore"
1624,85,Ice Cream,24,"Jayanagar, Bangalore"
1627,9, Biryani,48,"RT Nagar, Bangalore"
1635,85,Ice Cream,42,"Nagawara, Bangalore"
1636,18, Desserts,42,"Nagawara, Bangalore"
1638,53, Sandwich,2,"BTM, Bangalore"
1639,11, Burger,2,"BTM, Bangalore"
1645,78,Cafe,0,"1 Sobha, Bangalore"
1646,11, Burger,0,"1 Sobha, Bangalore"
1647,17, Continental,0,"1 Sobha, Bangalore"
1648,8, Beverages,0,"1 Sobha, Bangalore"
1649,18, Desserts,0,"1 Sobha, Bangalore"
1650,82,Desserts,20,"Indiranagar, Bangalore"
1653,46, Pancake,20,"Indiranagar, Bangalore"
1655,13, Cafe,20,"Indiranagar, Bangalore"
1657,66, Wraps,20,"Indiranagar, Bangalore"
1658,111,South Indian,3,"Banashankari, Bangalore"
1660,15, Chinese,3,"Banashankari, Bangalore"
1661,59, Street Food,3,"Banashankari, Bangalore"
1662,53, Sandwich,3,"Banashankari, Bangalore"
1663,55, Shake,3,"Banashankari, Bangalore"
1665,25, Ice Cream,3,"Banashankari, Bangalore"
1666,69,Arabian,31,"Koramangala 5th Block, Bangalore"
1672,74,Bengali,33,"Koramangala 7th Block, Bangalore"
1673,54, Seafood,33,"Koramangala 7th Block, Bangalore"
1674,80,Chinese,39,"Majestic, Bangalore"
1680,57, Sichuan,39,"Majestic, Bangalore"
1686,42, Momos,20,"Indiranagar, Bangalore"
1692,55, Shake,24,"Jayanagar, Bangalore"
1693,85,Ice Cream,64,"Vasanth Nagar, Bangalore"
1694,42, Momos,64,"Vasanth Nagar, Bangalore"
1697,101,North Indian,43,"New BEL Road, Bangalore"
1698,15, Chinese,43,"New BEL Road, Bangalore"
1699,8, Beverages,43,"New BEL Road, Bangalore"
1700,96,Mithai,60,"St. Marks Road, Bangalore"
1702,40, Mishti,60,"St. Marks Road, Bangalore"
1703,7, Bengali,60,"St. Marks Road, Bangalore"
1704,70,Asian,53,"Royal Orchid Hotel,  Old Airport Road, Bangalore"
1705,17, Continental,53,"Royal Orchid Hotel,  Old Airport Road, Bangalore"
1706,44, North Indian,53,"Royal Orchid Hotel,  Old Airport Road, Bangalore"
1707,58, South Indian,53,"Royal Orchid Hotel,  Old Airport Road, Bangalore"
1708,23, Healthy Food,53,"Royal Orchid Hotel,  Old Airport Road, Bangalore"
1709,8, Beverages,53,"Royal Orchid Hotel,  Old Airport Road, Bangalore"
1710,18, Desserts,53,"Royal Orchid Hotel,  Old Airport Road, Bangalore"
1711,110,Shawarma,55,"Sanjay Nagar, Bangalore"
1712,20, Fast Food,55,"Sanjay Nagar, Bangalore"
1713,35, Lebanese,55,"Sanjay Nagar, Bangalore"
1714,18, Desserts,55,"Sanjay Nagar, Bangalore"
1715,8, Beverages,55,"Sanjay Nagar, Bangalore"
1717,98,Mughlai,58,"Shivajinagar, Bangalore"
1718,44, North Indian,58,"Shivajinagar, Bangalore"
1720,101,North Indian,38,"MG Road, Bangalore"
1722,4, Asian,38,"MG Road, Bangalore"
1723,17, Continental,38,"MG Road, Bangalore"
1726,18, Desserts,38,"MG Road, Bangalore"
1729,80,Chinese,18,"HBR Layout, Bangalore"
1731,114,Tibetan,33,"Koramangala 7th Block, Bangalore"
1733,4, Asian,33,"Koramangala 7th Block, Bangalore"
1734,42, Momos,33,"Koramangala 7th Block, Bangalore"
1735,57, Sichuan,33,"Koramangala 7th Block, Bangalore"
1741,80,Chinese,33,"Koramangala 7th Block, Bangalore"
1743,62, Thai,33,"Koramangala 7th Block, Bangalore"
1746,60, Sushi,33,"Koramangala 7th Block, Bangalore"
1748,90,Kerala,60,"St. Marks Road, Bangalore"
1749,54, Seafood,60,"St. Marks Road, Bangalore"
1754,76,Biryani,13,"Cunningham Road, Bangalore"
1755,43, Mughlai,13,"Cunningham Road, Bangalore"
1756,32, Kebab,13,"Cunningham Road, Bangalore"
1758,36, Lucknowi,13,"Cunningham Road, Bangalore"
1762,71,Awadhi,20,"Indiranagar, Bangalore"
1765,32, Kebab,20,"Indiranagar, Bangalore"
1767,101,North Indian,26,"Kalyan Nagar, Bangalore"
1768,15, Chinese,26,"Kalyan Nagar, Bangalore"
1769,2, Andhra,26,"Kalyan Nagar, Bangalore"
1770,9, Biryani,26,"Kalyan Nagar, Bangalore"
1771,54, Seafood,26,"Kalyan Nagar, Bangalore"
1772,20, Fast Food,26,"Kalyan Nagar, Bangalore"
1773,58, South Indian,26,"Kalyan Nagar, Bangalore"
1774,75,Beverages,3,"Banashankari, Bangalore"
1776,18, Desserts,3,"Banashankari, Bangalore"
1778,30, Juices,3,"Banashankari, Bangalore"
1787,101,North Indian,39,"Majestic, Bangalore"
1790,79,Chettinad,67,"Yeshwantpur, Bangalore"
1791,33, Kerala,67,"Yeshwantpur, Bangalore"
1792,54, Seafood,67,"Yeshwantpur, Bangalore"
1795,45, Oriental,4,"Banaswadi, Bangalore"
1799,55, Shake,4,"Banaswadi, Bangalore"
1803,106,Rolls,7,"Basaveshwara Nagar, Bangalore"
1807,10, Bubble Tea,20,"Indiranagar, Bangalore"
1808,49, Pizza,20,"Indiranagar, Bangalore"
1809,11, Burger,20,"Indiranagar, Bangalore"
1812,68,Andhra,24,"Jayanagar, Bangalore"
1813,9, Biryani,24,"Jayanagar, Bangalore"
1816,111,South Indian,35,"Kumaraswamy Layout, Bangalore"
1817,9, Biryani,35,"Kumaraswamy Layout, Bangalore"
1818,43, Mughlai,35,"Kumaraswamy Layout, Bangalore"
1819,78,Cafe,3,"Banashankari, Bangalore"
1820,28, Italian,3,"Banashankari, Bangalore"
1821,17, Continental,3,"Banashankari, Bangalore"
1822,49, Pizza,3,"Banashankari, Bangalore"
1825,101,North Indian,29,"Koramangala 2nd Block, Bangalore"
1826,15, Chinese,29,"Koramangala 2nd Block, Bangalore"
1827,20, Fast Food,29,"Koramangala 2nd Block, Bangalore"
1832,73,Bakery,65,"Vijay Nagar, Bangalore"
1836,101,North Indian,31,"Koramangala 5th Block, Bangalore"
1843,31, Kashmiri,16,"Frazer Town, Bangalore"
1846,97,Momos,14,"Domlur, Bangalore"
1847,15, Chinese,14,"Domlur, Bangalore"
1848,63, Tibetan,14,"Domlur, Bangalore"
1849,82,Desserts,38,"MG Road, Bangalore"
1850,13, Cafe,38,"MG Road, Bangalore"
1852,53, Sandwich,38,"MG Road, Bangalore"
1853,11, Burger,38,"MG Road, Bangalore"
1855,55, Shake,38,"MG Road, Bangalore"
1856,106,Rolls,19,"Hosur Road, Bangalore"
1857,44, North Indian,19,"Hosur Road, Bangalore"
1859,20, Fast Food,19,"Hosur Road, Bangalore"
1863,80,Chinese,51,"Residency Road, Bangalore"
1865,17, Continental,51,"Residency Road, Bangalore"
1866,21, Finger Food,51,"Residency Road, Bangalore"
1872,51, Rolls,65,"Vijay Nagar, Bangalore"
1877,75,Beverages,48,"RT Nagar, Bangalore"
1878,30, Juices,48,"RT Nagar, Bangalore"
1881,101,North Indian,22,"JP Nagar, Bangalore"
1882,51, Rolls,22,"JP Nagar, Bangalore"
1884,9, Biryani,6,"Basavanagudi, Bangalore"
1885,96,Mithai,55,"Sanjay Nagar, Bangalore"
1886,59, Street Food,55,"Sanjay Nagar, Bangalore"
1887,112,Street Food,2,"BTM, Bangalore"
1893,65, Waffle,20,"Indiranagar, Bangalore"
1894,73,Bakery,7,"Basaveshwara Nagar, Bangalore"
1898,78,Cafe,21,"Infantry Road, Bangalore"
1899,8, Beverages,21,"Infantry Road, Bangalore"
1900,17, Continental,21,"Infantry Road, Bangalore"
1901,28, Italian,21,"Infantry Road, Bangalore"
1902,15, Chinese,21,"Infantry Road, Bangalore"
1903,20, Fast Food,21,"Infantry Road, Bangalore"
1904,4, Asian,21,"Infantry Road, Bangalore"
1905,18, Desserts,21,"Infantry Road, Bangalore"
1909,90,Kerala,25,"Jeevan Bhima Nagar, Bangalore"
1910,9, Biryani,25,"Jeevan Bhima Nagar, Bangalore"
1913,54, Seafood,25,"Jeevan Bhima Nagar, Bangalore"
1915,57, Sichuan,25,"Jeevan Bhima Nagar, Bangalore"
1916,83,Fast Food,27,"Kammanahalli, Bangalore"
1922,113,Tea,28,"Koramangala 1st Block, Bangalore"
1923,20, Fast Food,28,"Koramangala 1st Block, Bangalore"
1924,8, Beverages,28,"Koramangala 1st Block, Bangalore"
1926,42, Momos,18,"HBR Layout, Bangalore"
1928,111,South Indian,11,"City Market, Bangalore"
1929,97,Momos,3,"Banashankari, Bangalore"
1930,82,Desserts,55,"Sanjay Nagar, Bangalore"
1934,82,Desserts,49,"Race Course Road, Bangalore"
1935,8, Beverages,49,"Race Course Road, Bangalore"
1936,20, Fast Food,49,"Race Course Road, Bangalore"
1937,25, Ice Cream,49,"Race Course Road, Bangalore"
1938,55, Shake,49,"Race Course Road, Bangalore"
1939,77,Burger,31,"Koramangala 5th Block, Bangalore"
1941,78,Cafe,38,"MG Road, Bangalore"
1944,28, Italian,38,"MG Road, Bangalore"
1945,39, Mexican,38,"MG Road, Bangalore"
1954,70,Asian,8,"Brigade Road, Bangalore"
1959,52, Salad,8,"Brigade Road, Bangalore"
1962,58, South Indian,34,"Koramangala 8th Block, Bangalore"
1963,2, Andhra,34,"Koramangala 8th Block, Bangalore"
1964,54, Seafood,34,"Koramangala 8th Block, Bangalore"
1976,91,Lebanese,32,"Koramangala 6th Block, Bangalore"
1977,93,Mangalorean,8,"Brigade Road, Bangalore"
1980,58, South Indian,8,"Brigade Road, Bangalore"
1984,80,Chinese,58,"Shivajinagar, Bangalore"
1988,89,Kebab,16,"Frazer Town, Bangalore"
1989,27, Iranian,16,"Frazer Town, Bangalore"
1994,101,North Indian,10,"Church Street, Bangalore"
1995,15, Chinese,10,"Church Street, Bangalore"
1996,9, Biryani,10,"Church Street, Bangalore"
1998,11, Burger,10,"Church Street, Bangalore"
1999,49, Pizza,10,"Church Street, Bangalore"
2001,75,Beverages,19,"Hosur Road, Bangalore"
2003,23, Healthy Food,19,"Hosur Road, Bangalore"
2006,65, Waffle,51,"Residency Road, Bangalore"
2008,83,Fast Food,11,"City Market, Bangalore"
2009,25, Ice Cream,11,"City Market, Bangalore"
2010,18, Desserts,11,"City Market, Bangalore"
2011,8, Beverages,11,"City Market, Bangalore"
2012,55, Shake,11,"City Market, Bangalore"
2014,18, Desserts,32,"Koramangala 6th Block, Bangalore"
2015,55, Shake,32,"Koramangala 6th Block, Bangalore"
2016,108,Seafood,24,"Jayanagar, Bangalore"
2017,100,North Eastern,31,"Koramangala 5th Block, Bangalore"
2022,84,Healthy Food,45,"Old Airport Road, Bangalore"
2034,73,Bakery,66,"Wilson Garden, Bangalore"
2035,110,Shawarma,14,"Domlur, Bangalore"
2036,51, Rolls,14,"Domlur, Bangalore"
2038,11, Burger,14,"Domlur, Bangalore"
2040,96,Mithai,32,"Koramangala 6th Block, Bangalore"
2041,102,Odia,45,"Old Airport Road, Bangalore"
2045,57, Sichuan,45,"Old Airport Road, Bangalore"
2046,75,Beverages,25,"Jeevan Bhima Nagar, Bangalore"
2047,53, Sandwich,25,"Jeevan Bhima Nagar, Bangalore"
2052,96,Mithai,38,"MG Road, Bangalore"
2058,83,Fast Food,44,"Nexus, Koramangala, Bangalore"
2059,42, Momos,44,"Nexus, Koramangala, Bangalore"
2060,8, Beverages,44,"Nexus, Koramangala, Bangalore"
2061,101,North Indian,30,"Koramangala 4th Block, Bangalore"
2062,15, Chinese,30,"Koramangala 4th Block, Bangalore"
2063,54, Seafood,30,"Koramangala 4th Block, Bangalore"
2064,43, Mughlai,30,"Koramangala 4th Block, Bangalore"
2065,18, Desserts,30,"Koramangala 4th Block, Bangalore"
2067,57, Sichuan,30,"Koramangala 4th Block, Bangalore"
2068,75,Beverages,6,"Basavanagudi, Bangalore"
2070,16, Coffee,6,"Basavanagudi, Bangalore"
2071,77,Burger,27,"Kammanahalli, Bangalore"
2072,53, Sandwich,27,"Kammanahalli, Bangalore"
2073,51, Rolls,27,"Kammanahalli, Bangalore"
2074,66, Wraps,27,"Kammanahalli, Bangalore"
2076,55, Shake,27,"Kammanahalli, Bangalore"
2081,104,Pizza,33,"Koramangala 7th Block, Bangalore"
2082,28, Italian,33,"Koramangala 7th Block, Bangalore"
2085,111,South Indian,64,"Vasanth Nagar, Bangalore"
2088,83,Fast Food,6,"Basavanagudi, Bangalore"
2092,57, Sichuan,6,"Basavanagudi, Bangalore"
